{"stats":{"minecraft:crafted":{"minecraft:oak_planks":264,"ironfurnaces:gold_furnace":1,"ironfurnaces:iron_furnace":1,"minecraft:glass":14,"minecraft:chest":2,"minecraft:cooked_rabbit":2,"minecraft:cooked_beef":5,"sophisticatedbackpacks:backpack":1,"minecraft:cooked_porkchop":3,"minecraft:crafting_table":1,"minecraft:iron_sword":1,"ironfurnaces:obsidian_furnace":1,"minecraft:copper_ingot":21,"minecraft:gold_block":1,"minecraft:air":0,"minecraft:iron_ingot":8,"minecraft:gold_ingot":0,"minecraft:torch":12},"minecraft:killed_by":{"minecraft:player":1,"minecraft:pillager":1,"minecraft:vindicator":1,"minecraft:skeleton":1,"minecraft:phantom":1,"minecraft:zombie":1,"mowziesmobs:naga":4},"minecraft:used":{"ironfurnaces:gold_furnace":1,"minecraft:chest":2,"minecraft:iron_sword":598,"lootr:trophy":2,"minecraft:torch":8,"minecraft:target":1,"minecraft:salmon_bucket":1,"minecraft:wooden_axe":13,"ironfurnaces:obsidian_furnace":1,"minecraft:rooted_dirt":1,"minecraft:iron_axe":102,"minecraft:music_disc_stal":1,"ironfurnaces:iron_furnace":2,"minecraft:bow":53,"minecraft:goat_horn":4,"minecraft:furnace":4,"minecraft:skeleton_skull":1,"minecraft:cooked_beef":2,"epicfight:skillbook":8,"minecraft:leather_leggings":1,"minecraft:baked_potato":10,"minecraft:oak_planks":182,"minecraft:diamond_axe":8,"minecraft:green_bed":1,"minecraft:sand":130,"minecraft:crafting_table":2,"minecraft:apple":2,"minecraft:bread":12,"minecraft:iron_pickaxe":168,"minecraft:leather_helmet":1,"mmorpg:weapon/staff/wood":3,"minecraft:grindstone":1,"minecraft:smithing_table":1,"minecraft:bucket":1,"minecraft:azalea":2,"minecraft:birch_stairs":1,"minecraft:jukebox":1,"minecraft:experience_bottle":28},"minecraft:custom":{"lootr:looted_stat":167,"minecraft:mob_kills":158,"minecraft:dexterity":13,"minecraft:interact_with_crafting_table":12,"minecraft:bell_ring":1,"minecraft:leave_game":3,"minecraft:climb_one_cm":18816,"minecraft:time_since_death":1883,"minecraft:damage_resisted":8,"minecraft:mana":510,"minecraft:magic_shield":19,"minecraft:sprint_one_cm":847054,"minecraft:walk_one_cm":2511894,"minecraft:drop":48,"minecraft:health":260,"minecraft:damage_dealt_absorbed":600,"minecraft:talked_to_villager":2,"minecraft:play_time":476898,"minecraft:deaths":10,"minecraft:sneak_time":3299,"minecraft:walk_under_water_one_cm":5445,"minecraft:interact_with_lectern":2,"minecraft:jump":1819,"minecraft:energy":270,"minecraft:walk_on_water_one_cm":12791,"minecraft:total_world_time":476898,"minecraft:interact_with_furnace":50,"minecraft:intelligence":37,"minecraft:play_record":1,"minecraft:move_speed":0,"minecraft:interact_with_loom":1,"minecraft:raid_trigger":1,"minecraft:interact_with_grindstone":1,"minecraft:sleep_in_bed":4,"minecraft:levels_gained":10,"minecraft:time_since_rest":1907,"minecraft:damage_taken":7097,"minecraft:damage_absorbed":12462,"minecraft:damage_dealt":18458,"minecraft:swim_one_cm":33370,"minecraft:fly_one_cm":425891,"minecraft:player_kills":1,"minecraft:open_chest":607,"minecraft:crouch_one_cm":20542,"minecraft:strength":21,"minecraft:fall_one_cm":96360,"minecraft:interact_with_smithing_table":2,"minecraft:inspect_dispenser":8,"minecraft:blood":0},"minecraft:mined":{"minecraft:polished_andesite_slab":1,"minecraft:rooted_dirt":1,"minecraft:spawner":9,"minecraft:furnace":4,"minecraft:bookshelf":24,"minecraft:iron_bars":4,"minecraft:stone":15,"minecraft:green_bed":2,"minecraft:smithing_table":1,"minecraft:glass_pane":2,"lootr:lootr_chest":4,"minecraft:basalt":1,"ironfurnaces:iron_furnace":2,"minecraft:crafting_table":2,"minecraft:torch":1,"minecraft:dead_bush":1,"minecraft:copper_ore":8,"minecraft:tall_grass":1,"ironfurnaces:emerald_furnace":1,"minecraft:wall_torch":4,"minecraft:oak_planks":14,"minecraft:lapis_ore":55,"minecraft:grindstone":1,"minecraft:stone_brick_stairs":2,"minecraft:grass":13,"minecraft:oak_log":15,"minecraft:coal_ore":59,"minecraft:sand":134,"pointblank:workstation":1,"minecraft:cobweb":8},"minecraft:broken":{"minecraft:leather_helmet":1},"minecraft:killed":{"minecraft:cave_spider":3,"irons_spellbooks:summoned_zombie":1,"mowziesmobs:umvuthi":1,"minecraft:spider":13,"minecraft:vindicator":9,"minecraft:phantom":6,"minecraft:skeleton":17,"mmorpg:zombie":2,"mowziesmobs:umvuthana_crane":5,"irons_spellbooks:summoned_skeleton":1,"mowziesmobs:umvuthana":3,"minecraft:parrot":4,"minecraft:husk":11,"minecraft:zombie_villager":1,"irons_spellbooks:necromancer":1,"minecraft:hoglin":1,"minecraft:creeper":2,"minecraft:pillager":7,"minecraft:zombie":31,"minecraft:wither_skeleton":2,"minecraft:cow":3,"mowziesmobs:naga":9},"minecraft:dropped":{"minecraft:enchanted_book":1,"mmorpg:stat_soul":1,"minecraft:crafting_table":2,"minecraft:crossbow":1,"minecraft:book":1,"minecraft:salmon_bucket":2,"mmorpg:skill_gems/support/int":1,"mmorpg:weapon/staff/wood":1,"minecraft:stick":24,"minecraft:item_frame":1,"minecraft:emerald":3,"irons_spellbooks:scroll":2,"minecraft:gray_wool":1,"mmorpg:gems/emerald/0":1,"minecraft:wooden_axe":1,"minecraft:iron_leggings":2,"minecraft:white_banner":1,"minecraft:cactus":5,"minecraft:string":6,"minecraft:furnace":1,"minecraft:green_bed":2,"minecraft:rotten_flesh":4,"minecraft:oak_planks":8,"sophisticatedbackpacks:backpack":1,"mmorpg:jewelry/necklace/iron":1,"pointblank:gunmetal_nugget":3,"minecraft:gunpowder":1,"minecraft:leather_leggings":1,"minecraft:iron_bars":2,"pointblank:workstation":1,"minecraft:arrow":1,"minecraft:glass":3,"minecraft:wooden_pickaxe":1,"epicfight:skillbook":1},"minecraft:picked_up":{"minecraft:charcoal":3,"irons_spellbooks:scroll":3,"minecraft:iron_chestplate":7,"minecraft:coarse_dirt":4,"minecraft:crafting_table":3,"mmorpg:currency/orb_of_quality":1,"mmorpg:gems/sapphire/0":1,"irons_spellbooks:rotten_spell_book":1,"mmorpg:skill_gems/aura/str":1,"minecraft:smithing_table":1,"mmorpg:jewelry/ring/iron":5,"minecraft:cooked_rabbit":2,"minecraft:shield":3,"mmorpg:skill_gems/aura/dex":1,"minecraft:string":31,"minecraft:raw_copper":29,"minecraft:iron_axe":2,"minecraft:iron_leggings":5,"minecraft:item_frame":1,"minecraft:red_sand":7,"mmorpg:map":1,"pointblank:ammo9mm":43,"minecraft:beef":4,"minecraft:azalea":7,"minecraft:poppy":2,"minecraft:iron_pickaxe":1,"irons_spellbooks:emerald_stoneplate_ring":2,"pointblank:tti_viper":1,"minecraft:chest":4,"mmorpg:offhand/tome/iron":2,"minecraft:furnace":4,"pointblank:workstation":1,"minecraft:iron_boots":6,"mmorpg:skill_gems/support/dex":2,"mmorpg:gems/emerald/0":2,"minecraft:stick":17,"minecraft:torch":4,"minecraft:green_bed":2,"minecraft:spruce_fence":2,"sophisticatedbackpacks:backpack":1,"epicfight:skillbook":5,"minecraft:porkchop":8,"pointblank:gunmetal_nugget":167,"mmorpg:jewelry/necklace/iron":4,"mmorpg:skill_gems/support/int":4,"mmorpg:jewel/str":1,"pointblank:ammo45acp":31,"minecraft:arrow":58,"minecraft:rotten_flesh":68,"mmorpg:currency/affix_common_reroll":1,"minecraft:diamond_boots":1,"ironfurnaces:upgrade_diamond":1,"minecraft:mutton":1,"minecraft:iron_bars":2,"minecraft:skeleton_skull":1,"minecraft:cobblestone":10,"minecraft:cooked_beef":5,"minecraft:air":0,"minecraft:feather":5,"minecraft:leather":7,"mmorpg:chest/common_gear":2,"minecraft:oak_log":15,"minecraft:gunpowder":50,"minecraft:lapis_lazuli":369,"minecraft:white_banner":1,"minecraft:glass":3,"minecraft:bone":12,"minecraft:apple":2,"minecraft:bow":6,"minecraft:wheat_seeds":1,"minecraft:rabbit_hide":1,"minecraft:grindstone":1,"minecraft:iron_ingot":37,"minecraft:rabbit":2,"minecraft:diamond_helmet":1,"pointblank:glock18":1,"minecraft:iron_sword":10,"minecraft:polished_andesite_slab":1,"minecraft:flowering_azalea":1,"minecraft:oak_planks":29,"ironfurnaces:iron_furnace":2,"sophisticatedbackpacks:diamond_backpack":1,"minecraft:book":74,"minecraft:cooked_porkchop":5,"mmorpg:stat_soul":2,"minecraft:birch_stairs":1,"minecraft:sand":163,"sophisticatedbackpacks:stack_upgrade_tier_1":1,"mmorpg:weapon/staff/wood":8,"minecraft:spider_eye":9,"mowziesmobs:naga_fang":3,"mmorpg:jewel/int":1,"mmorpg:rare_mats/mining/greater":2,"celestial_artifacts:heirloom_necklace":1,"minecraft:diamond":21,"mmorpg:gems/ruby/0":1,"minecraft:iron_helmet":1,"minecraft:crossbow":1,"mmorpg:rare_mats/mining/lesser":2,"minecraft:gray_wool":1,"minecraft:emerald":6,"minecraft:bread":18,"minecraft:terracotta":1,"minecraft:rooted_dirt":1,"ironfurnaces:emerald_furnace":1,"minecraft:coal":177,"mmorpg:offhand/dodge/iron":1}},"DataVersion":3465}