{"stats":{"minecraft:dropped":{"minecraft:enchanted_book":1,"mmorpg:stat_soul":1,"minecraft:golden_horse_armor":2,"minecraft:crafting_table":2,"minecraft:crossbow":1,"minecraft:book":1,"minecraft:salmon_bucket":2,"mmorpg:skill_gems/support/int":1,"minecraft:stick":24,"mmorpg:weapon/staff/wood":1,"minecraft:item_frame":1,"minecraft:emerald":3,"irons_spellbooks:scroll":2,"minecraft:gray_wool":1,"mmorpg:gems/emerald/0":1,"minecraft:wooden_axe":1,"minecraft:iron_leggings":3,"minecraft:white_banner":1,"minecraft:cactus":5,"minecraft:string":6,"minecraft:furnace":1,"minecraft:stone_axe":3,"minecraft:green_bed":2,"minecraft:rotten_flesh":4,"minecraft:oak_planks":8,"sophisticatedbackpacks:backpack":1,"mmorpg:jewelry/necklace/iron":1,"pointblank:gunmetal_nugget":449,"minecraft:gunpowder":1,"minecraft:leather_leggings":1,"minecraft:iron_bars":2,"pointblank:workstation":1,"minecraft:arrow":1,"minecraft:glass":3,"minecraft:wooden_pickaxe":1,"epicfight:skillbook":1},"minecraft:killed":{"minecraft:cave_spider":3,"irons_spellbooks:summoned_zombie":1,"mowziesmobs:umvuthi":1,"minecraft:spider":13,"minecraft:vindicator":9,"minecraft:phantom":15,"minecraft:skeleton":89,"mmorpg:zombie":5,"mowziesmobs:umvuthana_crane":5,"cataclysm:lionfish":1,"minecraft:drowned":1,"irons_spellbooks:summoned_skeleton":1,"mowziesmobs:umvuthana":3,"cataclysm:deepling_angler":1,"minecraft:husk":12,"minecraft:parrot":4,"minecraft:zombie_villager":1,"irons_spellbooks:necromancer":1,"minecraft:hoglin":12,"minecraft:creeper":7,"minecraft:pillager":27,"minecraft:zombie":35,"minecraft:wither_skeleton":45,"minecraft:cow":3,"mowziesmobs:naga":16},"minecraft:picked_up":{"minecraft:charcoal":3,"mmorpg:currency/orb_of_quality":4,"minecraft:iron_chestplate":13,"minecraft:coarse_dirt":4,"minecraft:crafting_table":3,"mmorpg:gems/sapphire/0":1,"irons_spellbooks:rotten_spell_book":1,"mmorpg:skill_gems/aura/str":9,"minecraft:smithing_table":1,"minecraft:lead":1,"mmorpg:jewelry/ring/iron":7,"minecraft:cooked_rabbit":2,"minecraft:enchanted_book":1,"minecraft:shield":3,"mmorpg:skill_gems/aura/dex":4,"minecraft:string":31,"minecraft:red_bed":2,"minecraft:raw_copper":29,"minecraft:iron_axe":2,"minecraft:iron_leggings":9,"minecraft:item_frame":1,"minecraft:shroomlight":1,"mmorpg:jewel/dex":1,"minecraft:red_sand":7,"mmorpg:map":7,"minecraft:cobbled_deepslate":64,"minecraft:netherite_sword":1,"pointblank:ammo9mm":43,"minecraft:spruce_planks":2,"minecraft:beef":4,"minecraft:iron_pickaxe":1,"pointblank:tti_viper":1,"minecraft:player_head":4,"minecraft:azalea":7,"minecraft:poppy":2,"mmorpg:currency/chaos_orb":2,"minecraft:light_gray_wool":4,"minecraft:spruce_slab":2,"irons_spellbooks:emerald_stoneplate_ring":2,"mmorpg:offhand/tome/iron":2,"minecraft:chest":4,"pointblank:workstation":1,"mmorpg:currency/socket_adder":2,"minecraft:iron_boots":11,"minecraft:furnace":4,"mmorpg:skill_gems/support/dex":6,"minecraft:stick":17,"mmorpg:gems/emerald/0":2,"minecraft:torch":12,"minecraft:green_bed":4,"minecraft:spruce_fence":2,"sophisticatedbackpacks:backpack":1,"epicfight:skillbook":12,"minecraft:porkchop":40,"pointblank:gunmetal_nugget":674,"mmorpg:jewelry/necklace/iron":5,"minecraft:carrot":1,"mmorpg:skill_gems/support/int":7,"mmorpg:jewel/str":1,"minecraft:dark_oak_planks":2,"pointblank:ammo45acp":31,"minecraft:arrow":140,"minecraft:rotten_flesh":73,"mmorpg:currency/affix_common_reroll":1,"minecraft:diamond_boots":1,"pointblank:m134minigun":1,"ironfurnaces:upgrade_diamond":1,"minecraft:mutton":1,"minecraft:iron_bars":2,"minecraft:skeleton_skull":1,"minecraft:cobblestone":62,"minecraft:netherite_boots":1,"minecraft:feather":5,"minecraft:air":0,"minecraft:cooked_beef":5,"minecraft:leather":11,"minecraft:acacia_wood":3,"mmorpg:chest/common_gear":3,"minecraft:oak_log":15,"minecraft:gunpowder":56,"minecraft:wither_skeleton_skull":3,"minecraft:lapis_lazuli":369,"minecraft:white_banner":1,"minecraft:glass":3,"irons_spellbooks:hogskin":5,"minecraft:bone":123,"minecraft:apple":2,"minecraft:bow":12,"minecraft:wheat_seeds":1,"minecraft:rabbit_hide":1,"minecraft:spruce_wood":1,"minecraft:grindstone":1,"minecraft:iron_ingot":39,"minecraft:diamond_helmet":1,"minecraft:rabbit":2,"pointblank:glock18":1,"ironfurnaces:iron_furnace":2,"minecraft:polished_andesite_slab":1,"minecraft:oak_planks":29,"minecraft:iron_sword":12,"minecraft:flowering_azalea":1,"minecraft:dark_oak_stairs":4,"sophisticatedbackpacks:diamond_backpack":1,"mmorpg:skill_gems/support/str":3,"minecraft:book":74,"pointblank:ammo556":272,"minecraft:cooked_porkchop":5,"mmorpg:stat_soul":4,"minecraft:birch_stairs":1,"minecraft:sand":163,"celestial_core:treasure_fragment":1,"sophisticatedbackpacks:stack_upgrade_tier_1":1,"mmorpg:weapon/staff/wood":16,"minecraft:spider_eye":9,"mmorpg:jewel/int":2,"mowziesmobs:naga_fang":4,"cataclysm:lionfish":1,"mmorpg:gems/garnet/0":1,"mmorpg:rare_mats/mining/greater":2,"celestial_artifacts:heirloom_necklace":1,"minecraft:diamond":21,"minecraft:stone_axe":3,"mmorpg:gems/ruby/0":1,"minecraft:iron_helmet":5,"minecraft:crossbow":1,"mmorpg:rare_mats/mining/lesser":2,"minecraft:gray_wool":1,"minecraft:emerald":6,"minecraft:bread":18,"minecraft:rooted_dirt":1,"minecraft:terracotta":1,"ironfurnaces:emerald_furnace":1,"irons_spellbooks:uncommon_ink":1,"mmorpg:offhand/dodge/iron":2,"mmorpg:skill_gems/aura/int":2,"minecraft:coal":212,"irons_spellbooks:scroll":3},"minecraft:custom":{"lootr:looted_stat":220,"minecraft:mob_kills":354,"minecraft:dexterity":14,"minecraft:interact_with_crafting_table":12,"minecraft:bell_ring":1,"minecraft:mana":680,"minecraft:damage_resisted":8,"minecraft:climb_one_cm":27100,"minecraft:leave_game":5,"minecraft:time_since_death":23986,"minecraft:magic_shield":20,"minecraft:sprint_one_cm":1154850,"minecraft:walk_one_cm":4065358,"minecraft:drop":62,"minecraft:health":316,"minecraft:damage_dealt_absorbed":1322,"minecraft:talked_to_villager":2,"minecraft:play_time":669154,"minecraft:sneak_time":6783,"minecraft:deaths":16,"minecraft:walk_under_water_one_cm":35854,"minecraft:interact_with_lectern":2,"minecraft:jump":2761,"minecraft:energy":330,"minecraft:interact_with_blast_furnace":3,"minecraft:walk_on_water_one_cm":48786,"minecraft:total_world_time":669154,"minecraft:interact_with_furnace":57,"minecraft:intelligence":47,"minecraft:play_record":1,"minecraft:move_speed":0,"minecraft:interact_with_loom":1,"minecraft:raid_trigger":1,"minecraft:interact_with_grindstone":1,"minecraft:levels_gained":15,"minecraft:sleep_in_bed":5,"minecraft:time_since_rest":24111,"minecraft:damage_taken":8668,"minecraft:damage_absorbed":22255,"minecraft:damage_dealt":34253,"minecraft:swim_one_cm":230657,"minecraft:fly_one_cm":535829,"minecraft:player_kills":1,"minecraft:open_chest":812,"minecraft:crouch_one_cm":36587,"minecraft:strength":20,"minecraft:interact_with_smoker":2,"minecraft:interact_with_smithing_table":2,"minecraft:fall_one_cm":122254,"minecraft:inspect_dispenser":8,"minecraft:blood":0},"minecraft:killed_by":{"mowziesmobs:naga":4,"minecraft:player":2,"minecraft:wither_skeleton":1,"minecraft:pillager":1,"minecraft:vindicator":1,"minecraft:skeleton":5,"minecraft:phantom":1,"minecraft:zombie":1},"minecraft:mined":{"minecraft:polished_andesite_slab":1,"minecraft:rooted_dirt":1,"minecraft:spawner":39,"minecraft:furnace":4,"minecraft:dark_oak_stairs":1,"minecraft:bookshelf":24,"minecraft:iron_bars":4,"minecraft:stone":15,"minecraft:green_bed":4,"minecraft:smithing_table":1,"minecraft:acacia_leaves":3,"minecraft:glass_pane":2,"minecraft:red_bed":2,"lootr:lootr_chest":4,"minecraft:basalt":1,"ironfurnaces:iron_furnace":2,"minecraft:crafting_table":2,"minecraft:torch":5,"minecraft:dead_bush":1,"minecraft:copper_ore":8,"minecraft:tall_grass":1,"ironfurnaces:emerald_furnace":1,"minecraft:oak_planks":14,"minecraft:grindstone":1,"minecraft:lapis_ore":55,"minecraft:wall_torch":8,"minecraft:birch_planks":1,"minecraft:stone_brick_stairs":2,"minecraft:grass":13,"minecraft:coal_ore":79,"minecraft:oak_log":15,"minecraft:sand":134,"pointblank:workstation":1,"minecraft:cobweb":8},"minecraft:broken":{"minecraft:leather_helmet":1,"minecraft:diamond_helmet":1,"minecraft:diamond_boots":1,"minecraft:iron_helmet":2},"minecraft:used":{"ironfurnaces:gold_furnace":1,"minecraft:chest":2,"minecraft:iron_sword":713,"lootr:trophy":2,"minecraft:player_head":4,"minecraft:torch":51,"minecraft:target":1,"minecraft:salmon_bucket":1,"minecraft:wooden_axe":13,"ironfurnaces:obsidian_furnace":1,"minecraft:rooted_dirt":1,"minecraft:iron_axe":102,"minecraft:music_disc_stal":1,"ironfurnaces:iron_furnace":2,"minecraft:bow":53,"minecraft:goat_horn":4,"minecraft:furnace":4,"minecraft:acacia_wood":3,"minecraft:netherite_pickaxe":40,"minecraft:skeleton_skull":1,"minecraft:cooked_beef":2,"minecraft:cobbled_deepslate":21,"epicfight:skillbook":13,"minecraft:leather_leggings":1,"minecraft:baked_potato":20,"minecraft:oak_planks":269,"minecraft:diamond_axe":9,"minecraft:green_bed":3,"minecraft:sand":130,"minecraft:red_bed":2,"minecraft:crafting_table":2,"minecraft:apple":2,"minecraft:bread":12,"minecraft:iron_pickaxe":189,"minecraft:leather_helmet":1,"mmorpg:weapon/staff/wood":5,"minecraft:diamond_sword":197,"minecraft:cobblestone":52,"wom:moonless":175,"minecraft:grindstone":1,"minecraft:smithing_table":1,"minecraft:azalea":2,"minecraft:bucket":1,"minecraft:birch_stairs":1,"epicfight:uchigatana":216,"minecraft:jukebox":1,"minecraft:experience_bottle":44},"minecraft:crafted":{"minecraft:oak_planks":264,"ironfurnaces:gold_furnace":1,"ironfurnaces:iron_furnace":1,"minecraft:glass":14,"minecraft:chest":2,"minecraft:cooked_rabbit":2,"minecraft:cooked_beef":5,"sophisticatedbackpacks:backpack":1,"minecraft:cooked_porkchop":3,"minecraft:crafting_table":1,"minecraft:iron_sword":1,"ironfurnaces:obsidian_furnace":1,"minecraft:copper_ingot":21,"minecraft:gold_block":1,"minecraft:air":0,"minecraft:iron_ingot":8,"minecraft:gold_ingot":0,"minecraft:torch":76}},"DataVersion":3465}