{"stats":{"minecraft:custom":{"minecraft:blood":0,"lootr:looted_stat":171,"minecraft:dexterity":24,"minecraft:interact_with_crafting_table":91,"minecraft:leave_game":10,"minecraft:time_since_death":4779,"minecraft:damage_resisted":126,"minecraft:sprint_one_cm":1578170,"minecraft:drop":58,"minecraft:health":399,"minecraft:talked_to_villager":21,"minecraft:play_time":548401,"minecraft:deaths":16,"minecraft:jump":5165,"minecraft:energy":390,"minecraft:walk_on_water_one_cm":103774,"minecraft:interact_with_furnace":73,"minecraft:intelligence":32,"minecraft:traded_with_villager":4,"minecraft:interact_with_cartography_table":1,"minecraft:interact_with_loom":3,"minecraft:sleep_in_bed":8,"minecraft:levels_gained":11,"minecraft:damage_dealt":26125,"minecraft:crouch_one_cm":31811,"minecraft:interact_with_smoker":1,"minecraft:inspect_dispenser":4,"minecraft:interact_with_smithing_table":2,"minecraft:mob_kills":194,"minecraft:damage_dealt_resisted":98,"minecraft:climb_one_cm":33403,"minecraft:mana":580,"minecraft:magic_shield":41,"minecraft:walk_one_cm":2831484,"minecraft:damage_dealt_absorbed":1912,"minecraft:sneak_time":6236,"minecraft:walk_under_water_one_cm":46840,"minecraft:interact_with_lectern":2,"minecraft:interact_with_blast_furnace":7,"minecraft:total_world_time":571834,"minecraft:move_speed":0,"minecraft:pot_flower":1,"minecraft:interact_with_grindstone":1,"minecraft:time_since_rest":4828,"minecraft:damage_taken":16093,"minecraft:swim_one_cm":374436,"minecraft:fly_one_cm":2119743,"minecraft:open_chest":614,"minecraft:strength":39,"minecraft:fall_one_cm":146050},"minecraft:crafted":{"minecraft:oak_planks":196,"minecraft:glass":12,"minecraft:chest":11,"pointblank:printer":1,"minecraft:emerald":90,"sophisticatedbackpacks:backpack":2,"minecraft:crafting_table":2,"sophisticatedbackpacks:upgrade_base":2,"minecraft:diamond_pickaxe":2,"sophisticatedbackpacks:diamond_backpack":2,"minecraft:iron_block":21,"minecraft:gold_ingot":40,"xpbook:xp_tome":1,"pointblank:guninternals":5,"minecraft:iron_nugget":9,"sophisticatedbackpacks:stack_upgrade_tier_1":2,"ironchest:diamond_to_crystal_chest_upgrade":1,"ironchest:gold_to_diamond_chest_upgrade":17,"minecraft:glass_pane":16,"pointblank:tti_viper":2,"minecraft:iron_axe":1,"minecraft:dark_oak_planks":104,"sophisticatedbackpacks:iron_backpack":2,"pointblank:glock18":2,"ironchest:wood_to_iron_chest_upgrade":17,"pointblank:gunmetal_ingot":24,"pointblank:processor":1,"sophisticatedbackpacks:gold_backpack":2,"minecraft:air":0,"minecraft:oak_boat":1,"ironchest:iron_to_gold_chest_upgrade":18,"minecraft:raw_gold":189,"minecraft:iron_shovel":1,"minecraft:white_bed":1,"ironfurnaces:upgrade_emerald":1,"ironfurnaces:upgrade_diamond":2,"minecraft:torch":80},"minecraft:mined":{"minecraft:dark_oak_planks":2,"minecraft:white_bed":1,"minecraft:brewing_stand":1,"minecraft:obsidian":23,"minecraft:cave_vines_plant":2,"minecraft:grass_block":1,"minecraft:sandstone_stairs":2,"minecraft:spawner":18,"minecraft:glowstone":1,"minecraft:pumpkin":23,"minecraft:fletching_table":1,"minecraft:deepslate_lapis_ore":4,"minecraft:green_bed":3,"minecraft:deepslate_redstone_ore":5,"lootr:lootr_chest":1,"irons_spellbooks:alchemist_cauldron":1,"minecraft:smoker":2,"minecraft:clay":133,"minecraft:torch":5,"minecraft:blast_furnace":5,"minecraft:melon":27,"minecraft:chest":5,"minecraft:sugar_cane":30,"minecraft:iron_door":1,"minecraft:chain":4,"sophisticatedbackpacks:diamond_backpack":1,"minecraft:wheat":31,"minecraft:jukebox":1,"minecraft:stone_brick_stairs":1,"minecraft:grass":5,"minecraft:oak_log":211,"minecraft:beetroots":5,"minecraft:sand":186,"minecraft:dirt":4,"minecraft:mangrove_log":25,"minecraft:netherrack":4,"minecraft:oak_leaves":2,"minecraft:deepslate":108,"minecraft:emerald_block":7,"minecraft:crying_obsidian":3,"minecraft:tuff":17,"minecraft:mangrove_roots":15,"minecraft:dark_oak_fence":2,"minecraft:sandstone":11,"minecraft:mangrove_propagule":3,"minecraft:hay_block":95,"minecraft:spore_blossom":1,"minecraft:redstone_ore":1,"minecraft:oak_trapdoor":5,"minecraft:furnace":5,"minecraft:raw_gold_block":21,"minecraft:chiseled_sandstone":1,"minecraft:acacia_stairs":1,"minecraft:andesite":4,"minecraft:gold_block":2,"minecraft:bookshelf":40,"minecraft:deepslate_iron_ore":4,"minecraft:vine":1,"irons_spellbooks:firefly_jar":1,"irons_spellbooks:inscription_table":3,"minecraft:stone":114,"minecraft:smithing_table":1,"minecraft:scaffolding":1,"minecraft:stone_brick_slab":1,"minecraft:crafting_table":3,"minecraft:lectern":1,"minecraft:diorite":11,"minecraft:cactus":3,"minecraft:coal_ore":31,"minecraft:flower_pot":1,"minecraft:gravel":14,"pointblank:workstation":1,"minecraft:cobweb":21,"minecraft:terracotta":1,"minecraft:gold_ore":57},"minecraft:killed":{"minecraft:cave_spider":1,"minecraft:spider":16,"minecraft:skeleton":16,"irons_spellbooks:apothecarist":1,"mowziesmobs:umvuthana_crane":1,"irons_spellbooks:summoned_skeleton":3,"minecraft:zombie_villager":3,"irons_spellbooks:necromancer":3,"minecraft:creeper":9,"minecraft:sheep":2,"minecraft:pillager":14,"minecraft:zombie":39,"cataclysm:deepling":1,"minecraft:cow":12,"mowziesmobs:naga":18,"irons_spellbooks:summoned_zombie":7,"minecraft:vindicator":5,"mowziesmobs:umvuthana":5,"minecraft:husk":12,"mowziesmobs:umvuthana_follower_raptor":4,"minecraft:hoglin":2,"minecraft:enderman":5},"minecraft:broken":{"minecraft:iron_shovel":1,"minecraft:iron_boots":1,"minecraft:iron_sword":2,"minecraft:wooden_axe":1,"minecraft:wooden_pickaxe":1,"minecraft:iron_pickaxe":1},"minecraft:dropped":{"pointblank:glock18":1,"minecraft:iron_sword":2,"minecraft:porkchop":2,"sophisticatedbackpacks:stack_upgrade_tier_1":1,"ironfurnaces:upgrade_diamond":1,"minecraft:crossbow":1,"xpbook:xp_tome":1,"minecraft:item_frame":2,"minecraft:dark_oak_log":2,"irons_spellbooks:hogskin":2,"minecraft:sand":1,"minecraft:white_wool":1,"minecraft:bone":1,"minecraft:mangrove_roots":15,"minecraft:rotten_flesh":3,"minecraft:fern":5,"minecraft:golden_shovel":1,"sophisticatedbackpacks:diamond_backpack":1,"minecraft:gunpowder":2,"minecraft:beetroot_seeds":2,"minecraft:ladder":1,"minecraft:stone_brick_stairs":1,"minecraft:wheat_seeds":57,"minecraft:book":1,"pointblank:ammo9mm":43,"mmorpg:weapon/staff/wood":1,"minecraft:stick":30,"irons_spellbooks:scroll":1,"mmorpg:currency/affix_common_reroll":1,"minecraft:torch":4,"minecraft:wooden_axe":1,"minecraft:iron_leggings":2,"minecraft:white_banner":1,"minecraft:cactus":5,"minecraft:paper":5,"pointblank:ammo45acp":31,"minecraft:chiseled_sandstone":1,"minecraft:moss_carpet":4,"pointblank:tti_viper":1,"minecraft:iron_boots":1,"minecraft:hay_block":9,"minecraft:sea_pickle":1,"minecraft:iron_chestplate":2,"mmorpg:offhand/tome/iron":1,"minecraft:oak_sapling":122,"minecraft:spider_eye":1,"pointblank:workstation":2,"minecraft:red_sand":1,"epicfight:skillbook":1},"minecraft:picked_up":{"mmorpg:currency/orb_of_quality":5,"minecraft:iron_chestplate":8,"minecraft:wheat":20,"mmorpg:gems/sapphire/0":6,"minecraft:flower_pot":1,"minecraft:smithing_table":1,"minecraft:stone_brick_stairs":1,"minecraft:brewing_stand":1,"minecraft:string":39,"irons_spellbooks:nature_rune":1,"minecraft:iron_leggings":10,"minecraft:sea_pickle":1,"irons_spellbooks:arcane_essence":4,"mmorpg:map":2,"minecraft:red_sand":1,"minecraft:gold_nugget":88,"minecraft:cobbled_deepslate":95,"mmorpg:gems/tourmaline/0":1,"minecraft:iron_pickaxe":3,"minecraft:furnace":6,"minecraft:melon_slice":164,"mmorpg:currency/socket_adder":1,"mmorpg:gems/amethyst/0":2,"pointblank:workstation":3,"irons_spellbooks:inscription_table":3,"minecraft:mangrove_log":20,"minecraft:iron_boots":6,"mmorpg:gems/opal/0":1,"minecraft:stick":72,"mmorpg:gems/emerald/0":6,"minecraft:jukebox":1,"mowziesmobs:sol_visage":1,"minecraft:torch":34,"minecraft:green_bed":2,"epicfight:skillbook":3,"minecraft:sandstone_wall":2,"minecraft:porkchop":14,"minecraft:diorite":11,"minecraft:stone_sword":1,"minecraft:cactus":16,"minecraft:rotten_flesh":60,"minecraft:salmon_bucket":2,"minecraft:mangrove_roots":15,"minecraft:obsidian":23,"minecraft:cobblestone":114,"minecraft:feather":10,"minecraft:iron_door":1,"minecraft:andesite":4,"mmorpg:gems/azurite/0":1,"minecraft:smoker":2,"minecraft:potato":14,"minecraft:flint":22,"minecraft:map":1,"minecraft:lapis_lazuli":70,"minecraft:dirt":4,"minecraft:lantern":2,"mmorpg:currency/jewel_corrupt":1,"minecraft:bone":44,"irons_spellbooks:hogskin":6,"minecraft:glass":3,"mmorpg:gems/azurite/1":1,"minecraft:bow":2,"minecraft:wheat_seeds":135,"minecraft:raw_gold":73,"minecraft:diamond_helmet":2,"minecraft:fletching_table":1,"minecraft:glowstone_dust":4,"mmorpg:skill_gems/support/str":3,"minecraft:sand":201,"mmorpg:rare_mats/mining/medium":1,"minecraft:chiseled_sandstone":1,"minecraft:dark_oak_log":2,"mmorpg:gems/garnet/0":3,"mmorpg:rare_mats/mining/greater":1,"minecraft:clay":1,"celestial_artifacts:heirloom_necklace":4,"minecraft:diamond":35,"minecraft:crossbow":3,"minecraft:bread":19,"minecraft:emerald":37,"minecraft:oak_sapling":183,"mmorpg:chest/uncommon_gear":1,"minecraft:netherrack":1,"minecraft:dark_oak_fence":2,"minecraft:charcoal":6,"minecraft:crafting_table":3,"mmorpg:gems/topaz/0":4,"minecraft:ladder":1,"minecraft:clay_ball":408,"minecraft:wooden_pickaxe":1,"mmorpg:jewelry/ring/iron":5,"minecraft:gold_block":2,"minecraft:chain":4,"minecraft:shield":1,"minecraft:oak_trapdoor":5,"minecraft:moss_carpet":5,"minecraft:iron_axe":4,"minecraft:flint_and_steel":2,"minecraft:compass":1,"minecraft:item_frame":2,"minecraft:beef":38,"minecraft:oak_boat":2,"mmorpg:stone/0":20,"mmorpg:offhand/tome/iron":2,"minecraft:lectern":1,"minecraft:sugar_cane":70,"minecraft:chest":6,"mmorpg:skill_gems/support/dex":3,"mmorpg:material/mining/0":1,"minecraft:raw_iron":22,"minecraft:sandstone":11,"minecraft:raw_gold_block":21,"sophisticatedbackpacks:backpack":2,"pointblank:gunmetal_nugget":193,"mmorpg:skill_gems/support/int":7,"minecraft:carrot":5,"minecraft:redstone":32,"irons_spellbooks:alchemist_cauldron":1,"mowziesmobs:umvuthana_mask_faith":2,"minecraft:arrow":13,"minecraft:beetroot_seeds":2,"mmorpg:currency/affix_common_reroll":2,"minecraft:hay_block":99,"minecraft:diamond_boots":4,"minecraft:sandstone_stairs":2,"mowziesmobs:umvuthana_mask_bliss":1,"minecraft:gold_ingot":10,"minecraft:glow_berries":5,"minecraft:mutton":8,"minecraft:skeleton_skull":4,"minecraft:white_wool":1,"minecraft:clock":1,"minecraft:basalt":1,"minecraft:leather":12,"minecraft:music_disc_stal":1,"minecraft:acacia_wood":1,"minecraft:oak_log":205,"minecraft:gunpowder":169,"minecraft:white_banner":2,"irons_spellbooks:rare_ink":2,"minecraft:birch_pressure_plate":4,"minecraft:apple":5,"minecraft:iron_ingot":56,"minecraft:iron_sword":9,"sophisticatedbackpacks:diamond_backpack":1,"minecraft:book":120,"minecraft:scaffolding":1,"minecraft:emerald_block":7,"minecraft:pumpkin":24,"minecraft:gravel":16,"mmorpg:stat_soul":3,"minecraft:blast_furnace":5,"mmorpg:weapon/staff/wood":12,"minecraft:white_bed":1,"minecraft:crying_obsidian":3,"minecraft:spider_eye":3,"mowziesmobs:naga_fang":9,"xpbook:xp_tome":1,"minecraft:terracotta":1,"minecraft:melon_seeds":1,"mmorpg:offhand/dodge/iron":3,"minecraft:coal":57,"minecraft:mangrove_propagule":4,"minecraft:ender_pearl":4,"minecraft:wooden_axe":2,"irons_spellbooks:scroll":2},"minecraft:killed_by":{"mowziesmobs:naga":1,"minecraft:creeper":1,"minecraft:vindicator":2,"minecraft:zombie":2,"minecraft:player":1,"irons_spellbooks:necromancer":1,"minecraft:hoglin":1,"minecraft:skeleton":1},"minecraft:used":{"minecraft:iron_shovel":252,"minecraft:chest":15,"minecraft:iron_sword":695,"minecraft:rotten_flesh":3,"minecraft:iron_chestplate":1,"sophisticatedbackpacks:diamond_backpack":1,"minecraft:lantern":2,"minecraft:hay_block":1,"minecraft:scaffolding":1,"minecraft:furnace":1,"epicfight:skillbook":8,"minecraft:diamond_boots":1,"minecraft:wooden_pickaxe":56,"minecraft:sandstone":5,"minecraft:sand":63,"minecraft:blast_furnace":3,"minecraft:bread":50,"minecraft:iron_door":1,"ironchest:iron_to_gold_chest_upgrade":17,"minecraft:oak_boat":2,"ironchest:wood_to_iron_chest_upgrade":17,"minecraft:sandstone_wall":2,"minecraft:netherrack":1,"minecraft:torch":50,"minecraft:wooden_axe":56,"minecraft:iron_axe":444,"minecraft:iron_boots":2,"ironchest:diamond_to_crystal_chest_upgrade":1,"minecraft:iron_leggings":2,"ironchest:gold_to_diamond_chest_upgrade":17,"pointblank:printer":1,"minecraft:baked_potato":3,"minecraft:green_bed":1,"minecraft:terracotta":1,"minecraft:crafting_table":4,"minecraft:white_bed":2,"minecraft:flower_pot":1,"minecraft:diamond_pickaxe":244,"minecraft:apple":1,"minecraft:iron_pickaxe":249,"mmorpg:weapon/staff/wood":1,"minecraft:cobblestone":14,"minecraft:glass_pane":2,"irons_spellbooks:inscription_table":2}},"DataVersion":3465}