{"stats":{"minecraft:mined":{"minecraft:spruce_planks":1,"storagenetwork:exchange":1,"minecraft:granite":42,"minecraft:acacia_log":7,"minecraft:grass_block":4,"sophisticatedbackpacks:iron_backpack":1,"minecraft:cracked_polished_blackstone_bricks":1,"minecraft:soul_soil":19,"minecraft:coal_block":13,"minecraft:crimson_fungus":1,"minecraft:spawner":75,"minecraft:gilded_blackstone":2,"minecraft:sandstone_stairs":6,"minecraft:smooth_stone":2,"minecraft:polished_blackstone_bricks":5,"minecraft:magma_block":1,"minecraft:glowstone":13,"minecraft:dark_oak_trapdoor":2,"minecraft:iron_ore":2,"minecraft:fire":2,"minecraft:barrel":2,"ironchest:gold_chest":1,"minecraft:dark_oak_stairs":2,"minecraft:jungle_trapdoor":6,"minecraft:cut_sandstone":69,"minecraft:blackstone":130,"minecraft:crimson_nylium":2,"minecraft:amethyst_cluster":1,"minecraft:clay":34,"minecraft:torch":2,"minecraft:note_block":17,"storagenetwork:filter_kabel":1,"minecraft:nether_quartz_ore":92,"minecraft:cobblestone":7,"minecraft:grindstone":1,"minecraft:oak_planks":2,"minecraft:smooth_sandstone_slab":8,"minecraft:wall_torch":11,"minecraft:light_blue_terracotta":1,"storagenetwork:import_kabel":15,"lootr:trophy":1,"minecraft:nether_wart_block":36,"sophisticatedbackpacks:diamond_backpack":1,"minecraft:birch_log":550,"minecraft:stone_brick_stairs":2,"minecraft:smooth_stone_slab":3,"minecraft:grass":9,"minecraft:oak_log":270,"minecraft:beetroots":1,"minecraft:sand":1210,"minecraft:dirt":92,"minecraft:sandstone_wall":10,"minecraft:ancient_debris":506,"minecraft:netherrack":4193,"minecraft:deepslate":15,"minecraft:oak_leaves":9,"minecraft:nether_gold_ore":34,"minecraft:dark_prismarine":3,"minecraft:diamond_ore":52,"minecraft:crying_obsidian":3,"minecraft:mossy_cobblestone":1,"minecraft:nether_bricks":20,"minecraft:sandstone":43,"minecraft:crimson_stem":6,"minecraft:hay_block":13,"minecraft:chiseled_sandstone":10,"minecraft:acacia_wood":1,"minecraft:andesite":3,"minecraft:gold_block":3,"minecraft:bookshelf":1,"minecraft:vine":3,"minecraft:shroomlight":2,"minecraft:stone":483,"minecraft:birch_stairs":2,"minecraft:acacia_leaves":6,"minecraft:glass_pane":30,"minecraft:soul_sand":10,"minecraft:stripped_dark_oak_log":2,"minecraft:basalt":47,"minecraft:stone_brick_slab":1,"minecraft:smooth_sandstone":16,"minecraft:crafting_table":1,"storagenetwork:storage_kabel":27,"minecraft:copper_ore":6,"minecraft:diorite":22,"minecraft:birch_planks":1,"minecraft:coarse_dirt":1,"minecraft:coal_ore":7,"minecraft:gravel":56,"enchantinginfuser:advanced_enchanting_infuser":1,"minecraft:acacia_planks":4,"storagenetwork:kabel":4},"minecraft:custom":{"minecraft:blood":0,"lootr:looted_stat":226,"minecraft:dexterity":29,"minecraft:interact_with_crafting_table":91,"minecraft:open_barrel":5,"goblintraders:trade_with_goblin":124,"minecraft:leave_game":13,"minecraft:time_since_death":159983,"minecraft:sprint_one_cm":1960285,"minecraft:drop":111,"minecraft:health":615,"minecraft:play_noteblock":26,"minecraft:talked_to_villager":9,"minecraft:play_time":874515,"minecraft:deaths":63,"minecraft:jump":5404,"minecraft:energy":530,"minecraft:walk_on_water_one_cm":104270,"minecraft:enchant_item":9,"minecraft:interact_with_furnace":32,"minecraft:intelligence":60,"minecraft:traded_with_villager":36,"minecraft:sleep_in_bed":4,"minecraft:levels_gained":20,"minecraft:damage_dealt":63923,"minecraft:player_kills":3,"minecraft:crouch_one_cm":82302,"minecraft:interact_with_smoker":2,"minecraft:interact_with_smithing_table":3,"minecraft:interact_with_anvil":2,"minecraft:mob_kills":608,"minecraft:damage_dealt_resisted":206,"minecraft:climb_one_cm":69589,"minecraft:mana":890,"minecraft:magic_shield":0,"minecraft:walk_one_cm":4663874,"minecraft:damage_dealt_absorbed":41682,"minecraft:sneak_time":19536,"minecraft:walk_under_water_one_cm":89617,"minecraft:interact_with_lectern":2,"minecraft:interact_with_blast_furnace":6,"minecraft:total_world_time":874515,"minecraft:move_speed":0,"minecraft:tune_noteblock":3874,"minecraft:interact_with_grindstone":2,"minecraft:time_since_rest":160007,"minecraft:damage_taken":41266,"minecraft:swim_one_cm":120412,"minecraft:fly_one_cm":1707028,"minecraft:open_chest":596,"minecraft:strength":58,"minecraft:fall_one_cm":208280,"minecraft:fish_caught":39},"minecraft:killed_by":{"minecraft:wither_skeleton":4,"minecraft:zombified_piglin":1,"minecraft:piglin_brute":3,"minecraft:pillager":2,"minecraft:blaze":2,"minecraft:husk":6,"minecraft:skeleton":34,"minecraft:phantom":1,"mowziesmobs:naga":6},"minecraft:used":{"wom:satsujin":197,"storagenetwork:filter_kabel":1,"minecraft:ladder":38,"minecraft:iron_sword":154,"lootr:trophy":2,"minecraft:soul_sand":1,"minecraft:nether_bricks":18,"minecraft:obsidian":10,"enchantinginfuser:advanced_enchanting_infuser":2,"sophisticatedbackpacks:diamond_backpack":1,"storagenetwork:collector":1,"wom:tormented_mind":1040,"minecraft:magma_block":1,"ironchest:obsidian_chest":2,"storagenetwork:storage_kabel":97,"epicfight:skillbook":8,"minecraft:diorite":1,"minecraft:oak_planks":5,"minecraft:ender_pearl":2,"minecraft:sandstone":30,"minecraft:diamond_axe":652,"minecraft:sand":23,"minecraft:mushroom_stew":1,"minecraft:note_block":2,"minecraft:chiseled_sandstone":4,"minecraft:heavy_weighted_pressure_plate":1,"minecraft:bread":61,"storagenetwork:import_kabel":19,"minecraft:grindstone":1,"minecraft:oak_boat":6,"minecraft:oak_fence":1,"sophisticatedbackpacks:iron_backpack":1,"minecraft:flint_and_steel":1,"storagenetwork:request":1,"storagenetwork:kabel":4,"minecraft:sandstone_wall":2,"minecraft:netherrack":15,"minecraft:torch":107,"ironchest:diamond_chest":5,"minecraft:anvil":1,"minecraft:hopper":1,"storagenetwork:exchange":1,"minecraft:granite":28,"minecraft:bookshelf":21,"minecraft:iron_axe":368,"minecraft:smooth_sandstone":106,"storagenetwork:master":1,"minecraft:barrel":2,"minecraft:basalt":1,"minecraft:soul_soil":9,"minecraft:iron_trapdoor":1,"ironchest:gold_chest":2,"minecraft:acacia_planks":3,"minecraft:water_bucket":3,"storagenetwork:inventory":2,"minecraft:sandstone_stairs":9,"minecraft:smooth_sandstone_slab":162,"minecraft:cut_sandstone":5,"storagenetwork:crafting_remote":1,"minecraft:crafting_table":1,"minecraft:dark_prismarine":4,"minecraft:diamond_pickaxe":6054,"minecraft:diamond_shovel":1374,"mmorpg:weapon/staff/wood":2,"minecraft:fishing_rod":53,"minecraft:cobblestone":91,"minecraft:bucket":3,"minecraft:glass_pane":54,"minecraft:birch_stairs":1,"epicfight:uchigatana":21},"minecraft:killed":{"minecraft:zombified_piglin":21,"minecraft:spider":10,"minecraft:cod":4,"minecraft:skeleton":162,"irons_spellbooks:archevoker":1,"minecraft:piglin_brute":1,"minecraft:magma_cube":24,"minecraft:piglin":5,"minecraft:pig":1,"irons_spellbooks:necromancer":2,"minecraft:creeper":10,"ore_creeper:iron_creeper":1,"minecraft:sheep":4,"minecraft:pillager":63,"minecraft:zombie":12,"minecraft:cow":5,"minecraft:blaze":10,"mowziesmobs:naga":19,"minecraft:vindicator":1,"minecraft:slime":32,"minecraft:phantom":28,"minecraft:drowned":5,"minecraft:husk":52,"minecraft:frog":1,"minecraft:hoglin":3,"minecraft:wither_skeleton":57,"minecraft:enderman":4},"minecraft:picked_up":{"irons_spellbooks:scroll":1,"minecraft:iron_chestplate":2,"mmorpg:currency/orb_of_quality":1,"minecraft:black_carpet":1,"minecraft:redstone_block":15,"minecraft:golden_sword":3,"enchantinginfuser:advanced_enchanting_infuser":1,"storagenetwork:exchange":1,"minecraft:raw_copper":193,"minecraft:string":13,"minecraft:soul_soil":19,"minecraft:shroomlight":1,"mmorpg:jewel/dex":1,"minecraft:smooth_stone":2,"irons_spellbooks:arcane_essence":1,"minecraft:diamond_leggings":1,"minecraft:gold_nugget":33,"mmorpg:map":4,"minecraft:cobbled_deepslate":30,"minecraft:spruce_planks":2,"mmorpg:currency/chaos_orb":1,"mmorpg:material/fishing/0":15,"mmorpg:runes/mos":1,"mmorpg:gems/emerald/1":1,"mmorpg:gems/amethyst/0":1,"minecraft:iron_boots":3,"mmorpg:runes/dos":1,"minecraft:stick":1,"mmorpg:rare_mats/fishing/greater":2,"minecraft:torch":17,"minecraft:porkchop":12,"epicfight:skillbook":16,"mmorpg:jewelry/necklace/iron":1,"minecraft:diorite":22,"minecraft:brown_carpet":1,"minecraft:stone_sword":5,"minecraft:rotten_flesh":23,"minecraft:blackstone_wall":1,"mmorpg:runes/ita":1,"minecraft:blaze_rod":5,"minecraft:cobblestone":326,"mmorpg:rare_mats/fishing/medium":6,"minecraft:magma_cream":1,"mmorpg:chest/common_gear":1,"minecraft:flint":4,"minecraft:wither_skeleton_skull":4,"minecraft:dirt":9,"minecraft:leather_boots":1,"minecraft:bone":247,"minecraft:acacia_planks":3,"minecraft:bow":2,"minecraft:glowstone_dust":48,"minecraft:cyan_concrete":7,"minecraft:oak_planks":66,"mmorpg:skill_gems/support/str":1,"minecraft:cooked_porkchop":3,"minecraft:stripped_acacia_wood":3,"minecraft:sand":114,"sophisticatedbackpacks:iron_backpack":1,"minecraft:grass_block":2,"minecraft:chiseled_sandstone":6,"minecraft:barrel":2,"minecraft:dark_prismarine":4,"celestial_core:fire_essence":1,"mmorpg:rare_mats/mining/greater":1,"mmorpg:rare_mats/fishing/lesser":6,"mmorpg:gems/ruby/0":1,"minecraft:cracked_polished_blackstone_bricks":1,"minecraft:crossbow":2,"minecraft:granite":29,"storagenetwork:crafting_remote":2,"minecraft:netherrack":211,"mmorpg:skill_gems/aura/int":1,"minecraft:crafting_table":1,"minecraft:clay_ball":136,"mmorpg:jewelry/ring/iron":1,"minecraft:gold_block":2,"minecraft:blackstone":4,"minecraft:netherite_sword":1,"minecraft:beef":2,"minecraft:player_head":2,"mmorpg:stone/0":2,"minecraft:spruce_slab":8,"minecraft:chest":3,"minecraft:phantom_membrane":1,"minecraft:raw_iron":8,"minecraft:sandstone":42,"minecraft:note_block":16,"minecraft:polished_blackstone_bricks":5,"pointblank:gunmetal_nugget":586,"mmorpg:currency/affix_tier_up_down":1,"mmorpg:skill_gems/support/int":1,"minecraft:redstone":2,"minecraft:dark_oak_planks":7,"minecraft:smooth_sandstone_slab":16,"minecraft:arrow":177,"minecraft:weeping_vines":4,"minecraft:diamond_chestplate":1,"minecraft:beetroot_seeds":8,"minecraft:nether_bricks":19,"mmorpg:currency/affix_common_reroll":2,"minecraft:sandstone_stairs":6,"mmorpg:currency/level_up_orb":1,"minecraft:gold_ingot":1,"minecraft:mutton":6,"minecraft:white_wool":4,"minecraft:air":0,"minecraft:crimson_stem":6,"minecraft:cut_sandstone":12,"minecraft:leather":2,"minecraft:crimson_fungus":1,"minecraft:gunpowder":6,"minecraft:nether_wart_block":34,"mmorpg:currency/map_rarity_upgrade":2,"storagenetwork:import_kabel":15,"mmorpg:chest/rare_gear":1,"minecraft:smooth_sandstone":7,"minecraft:red_carpet":1,"minecraft:kelp":94,"storagenetwork:filter_kabel":1,"minecraft:iron_ingot":10,"minecraft:iron_sword":1,"minecraft:soul_sand":10,"minecraft:dark_oak_stairs":1,"sophisticatedbackpacks:diamond_backpack":1,"minecraft:book":3,"minecraft:stone_brick_slab":1,"minecraft:quartz":93,"minecraft:gravel":30,"minecraft:birch_stairs":6,"minecraft:amethyst_shard":4,"mmorpg:weapon/staff/wood":1,"minecraft:spider_eye":6,"mowziesmobs:naga_fang":2,"minecraft:slime_ball":29,"minecraft:birch_sign":1,"storagenetwork:kabel":8,"minecraft:coal":90,"mmorpg:offhand/dodge/iron":1,"storagenetwork:storage_kabel":28,"minecraft:ender_pearl":3},"minecraft:dropped":{"pointblank:ammo556":272,"minecraft:dark_oak_stairs":1,"irons_spellbooks:rare_ink":1,"minecraft:weeping_vines":4,"minecraft:saddle":2,"minecraft:cracked_polished_blackstone_bricks":1,"minecraft:dirt":8,"minecraft:mutton":6,"minecraft:cut_sandstone":51,"irons_spellbooks:arcane_essence":34,"minecraft:sand":2,"minecraft:polished_blackstone_bricks":5,"minecraft:glistering_melon_slice":12,"minecraft:dark_oak_planks":7,"minecraft:white_wool":4,"minecraft:birch_stairs":4,"minecraft:bone":18,"minecraft:blackstone":14,"minecraft:iron_nugget":18,"minecraft:cobbled_deepslate":79,"minecraft:black_carpet":1,"minecraft:wheat":43,"minecraft:rotten_flesh":87,"minecraft:oak_planks":64,"minecraft:jungle_trapdoor":6,"minecraft:gunpowder":2,"minecraft:beetroot_seeds":8,"mmorpg:gems/garnet/0":1,"minecraft:leather_boots":1,"minecraft:spruce_slab":4,"minecraft:netherrack":9,"minecraft:enchanted_book":1,"minecraft:iron_ingot":2,"mmorpg:invisible_item":540,"celestial_core:treasure_fragment":1,"minecraft:wheat_seeds":4,"storagenetwork:crafting_remote":3,"mmorpg:offhand/dodge/iron":1,"minecraft:diamond_leggings":1,"minecraft:cobblestone":102,"minecraft:grass_block":1,"mmorpg:weapon/staff/wood":1,"minecraft:cobweb":5,"minecraft:diorite":21,"minecraft:blackstone_wall":1,"minecraft:dead_bush":3,"irons_spellbooks:blood_vial":2,"irons_spellbooks:common_ink":1,"minecraft:paper":3,"minecraft:string":3,"minecraft:smooth_sandstone":9,"minecraft:stone_brick_slab":1,"minecraft:chiseled_sandstone":2,"minecraft:player_head":2,"minecraft:stone_sword":4,"minecraft:raw_copper":35,"minecraft:smooth_stone_slab":3,"minecraft:experience_bottle":5,"minecraft:raw_iron":4,"irons_spellbooks:uncommon_ink":1,"mmorpg:gems/topaz/1":1,"minecraft:flint_and_steel":1,"mmorpg:gems/ruby/0":1,"pointblank:m134minigun":1,"minecraft:golden_sword":5,"minecraft:spider_eye":3,"minecraft:birch_sign":1,"minecraft:blue_orchid":13,"minecraft:bow":1,"mmorpg:jewelry/ring/iron":1,"epicfight:skillbook":2},"minecraft:broken":{"minecraft:diamond_helmet":1,"minecraft:iron_boots":6,"minecraft:iron_chestplate":1,"minecraft:iron_leggings":4,"minecraft:diamond_chestplate":1,"minecraft:diamond_leggings":1,"mmorpg:jewelry/ring/gold":1,"minecraft:iron_axe":2,"minecraft:iron_helmet":6,"minecraft:netherite_boots":1},"minecraft:crafted":{"minecraft:ender_chest":1,"minecraft:oak_planks":208,"sophisticatedbackpacks:magnet_upgrade":1,"pointblank:motor":1,"minecraft:stone":4,"sophisticatedbackpacks:crafting_upgrade":1,"minecraft:bookshelf":38,"minecraft:heavy_weighted_pressure_plate":1,"minecraft:iron_bars":16,"minecraft:green_dye":0,"minecraft:glass":44,"minecraft:hopper":11,"scannable:blank_module":4,"minecraft:chest":37,"minecraft:ender_eye":1,"minecraft:oak_fence":3,"minecraft:dropper":9,"storagenetwork:kabel":192,"minecraft:emerald":62,"enchantinginfuser:enchanting_infuser":1,"minecraft:crafting_table":5,"minecraft:copper_ingot":64,"minecraft:sticky_piston":1,"minecraft:gold_block":176,"storagenetwork:master":2,"minecraft:birch_planks":4,"sophisticatedbackpacks:upgrade_base":3,"ironchest:diamond_chest":8,"sophisticatedbackpacks:refill_upgrade":1,"enchantinginfuser:advanced_enchanting_infuser":1,"minecraft:stick":44,"minecraft:stone_slab":18,"minecraft:iron_ingot":462,"minecraft:iron_block":177,"minecraft:gold_ingot":800,"minecraft:sandstone":1,"minecraft:netherite_ingot":78,"minecraft:sandstone_stairs":32,"pointblank:guninternals":24,"minecraft:redstone":574,"sophisticatedbackpacks:stack_upgrade_tier_3":1,"sophisticatedbackpacks:advanced_magnet_upgrade":1,"scannable:scanner":2,"minecraft:piston":1,"storagenetwork:collector":1,"scannable:rare_ores_module":1,"minecraft:glass_pane":96,"minecraft:diamond_block":9,"pointblank:tti_viper":6,"minecraft:iron_axe":1,"minecraft:ladder":18,"sophisticatedbackpacks:stack_upgrade_tier_2":1,"minecraft:netherite_scrap":310,"minecraft:observer":10,"pointblank:glock18":5,"ironchest:gold_chest":15,"minecraft:iron_trapdoor":1,"scannable:common_ores_module":1,"storagenetwork:speed_upgrade":4,"pointblank:gunmetal_ingot":67,"minecraft:enchanting_table":1,"minecraft:smooth_sandstone":122,"storagenetwork:exchange":1,"minecraft:air":0,"wom:satsujin":1,"wom:demon_seal":1,"sophisticatedbackpacks:pickup_upgrade":1,"ironchest:obsidian_chest":2,"storagenetwork:inventory":5,"storagenetwork:request":1,"minecraft:anvil":1,"storagenetwork:storage_kabel":40,"minecraft:torch":128,"storagenetwork:crafting_remote":1,"minecraft:lapis_block":42,"ironchest:iron_chest":15}},"DataVersion":3465}