{"stats":{"minecraft:killed_by":{"minecraft:husk":1},"minecraft:custom":{"minecraft:time_since_rest":13052,"minecraft:blood":0,"minecraft:magic_shield":41,"minecraft:damage_taken":230,"minecraft:crouch_one_cm":176,"minecraft:sprint_one_cm":6392,"lootr:looted_stat":1,"minecraft:play_time":13893,"minecraft:deaths":1,"minecraft:walk_one_cm":32659,"minecraft:sneak_time":9,"minecraft:dexterity":24,"minecraft:jump":48,"minecraft:intelligence":32,"minecraft:energy":390,"minecraft:leave_game":2,"minecraft:health":399,"minecraft:move_speed":0,"minecraft:time_since_death":12972,"minecraft:strength":39,"minecraft:total_world_time":13893,"minecraft:fly_one_cm":22655,"minecraft:fall_one_cm":896,"minecraft:mana":580}},"DataVersion":3465}