{"stats":{"minecraft:used":{"minecraft:diamond_pickaxe":3,"minecraft:iron_axe":10,"minecraft:bread":3,"mmorpg:weapon/staff/wood":1,"minecraft:torch":6},"minecraft:killed_by":{"minecraft:husk":1},"minecraft:custom":{"minecraft:time_since_rest":55052,"minecraft:blood":0,"minecraft:magic_shield":41,"lootr:looted_stat":34,"minecraft:sprint_one_cm":51666,"minecraft:damage_taken":1151,"minecraft:walk_one_cm":269064,"minecraft:mob_kills":28,"minecraft:dexterity":24,"minecraft:intelligence":34,"minecraft:damage_dealt":278,"minecraft:health":405,"minecraft:move_speed":0,"minecraft:damage_dealt_absorbed":110,"minecraft:player_kills":1,"minecraft:fly_one_cm":45833,"minecraft:open_barrel":2,"minecraft:open_chest":11,"minecraft:crouch_one_cm":26300,"minecraft:play_time":55893,"minecraft:deaths":1,"minecraft:sneak_time":4184,"minecraft:interact_with_lectern":1,"minecraft:jump":140,"minecraft:energy":390,"minecraft:leave_game":2,"minecraft:time_since_death":54972,"minecraft:strength":40,"minecraft:climb_one_cm":596,"minecraft:total_world_time":55893,"minecraft:fall_one_cm":1583,"minecraft:mana":603},"minecraft:mined":{"minecraft:barrel":2,"minecraft:amethyst_cluster":1,"minecraft:stone_brick_slab":1,"minecraft:stone":1,"minecraft:oak_planks":1},"minecraft:killed":{"minecraft:spider":5,"minecraft:creeper":1,"minecraft:enderman":1,"minecraft:phantom":9,"mowziesmobs:naga":1},"minecraft:picked_up":{"minecraft:stick":1,"minecraft:stone_brick_slab":1,"mmorpg:jewelry/ring/iron":1,"epicfight:skillbook":1,"pointblank:gunmetal_nugget":6,"minecraft:amethyst_shard":4,"minecraft:gunpowder":1,"minecraft:spider_eye":4,"minecraft:barrel":2,"minecraft:string":10,"minecraft:bone":3,"minecraft:oak_planks":1,"minecraft:cobblestone":1,"minecraft:ender_pearl":1}},"DataVersion":3465}