{"stats":{"minecraft:crafted":{"minecraft:copper_ingot":0,"minecraft:air":0},"minecraft:used":{"minecraft:iron_sword":65,"minecraft:torch":15,"minecraft:diamond_pickaxe":25,"minecraft:iron_axe":12,"minecraft:bread":9,"mmorpg:weapon/staff/wood":1},"minecraft:custom":{"minecraft:blood":0,"lootr:looted_stat":40,"minecraft:interact_with_furnace":3,"minecraft:mob_kills":145,"minecraft:dexterity":25,"minecraft:intelligence":37,"minecraft:move_speed":0,"minecraft:interact_with_crafting_table":4,"minecraft:open_barrel":2,"minecraft:leave_game":2,"minecraft:time_since_death":23975,"minecraft:climb_one_cm":596,"minecraft:mana":632,"minecraft:levels_gained":13,"minecraft:time_since_rest":24007,"minecraft:magic_shield":42,"minecraft:sprint_one_cm":257215,"minecraft:damage_taken":6468,"minecraft:walk_one_cm":542113,"minecraft:drop":3,"minecraft:damage_dealt":2198,"minecraft:health":419,"minecraft:damage_dealt_absorbed":247,"minecraft:fly_one_cm":148445,"minecraft:player_kills":1,"minecraft:open_chest":21,"minecraft:crouch_one_cm":44095,"minecraft:play_time":91893,"minecraft:deaths":7,"minecraft:sneak_time":8238,"minecraft:interact_with_lectern":1,"minecraft:jump":599,"minecraft:energy":420,"minecraft:strength":41,"minecraft:walk_on_water_one_cm":280,"minecraft:interact_with_smoker":2,"minecraft:total_world_time":91893,"minecraft:fall_one_cm":33915},"minecraft:killed_by":{"mowziesmobs:naga":2,"minecraft:husk":1,"minecraft:wither_skeleton":2,"minecraft:phantom":1},"minecraft:mined":{"minecraft:dark_prismarine":3,"minecraft:amethyst_cluster":1,"minecraft:stone_brick_slab":1,"minecraft:oak_planks":1,"minecraft:spawner":12,"minecraft:barrel":2,"minecraft:shroomlight":1,"minecraft:acacia_planks":2,"minecraft:stone":2},"minecraft:broken":{"minecraft:iron_helmet":1},"minecraft:killed":{"minecraft:spider":9,"minecraft:slime":32,"minecraft:hoglin":3,"minecraft:creeper":5,"minecraft:phantom":28,"minecraft:skeleton":5,"minecraft:zombie":1,"minecraft:wither_skeleton":30,"minecraft:enderman":1,"mowziesmobs:naga":2},"minecraft:dropped":{"minecraft:cobbled_deepslate":64,"minecraft:cobblestone":52},"minecraft:picked_up":{"minecraft:black_carpet":1,"minecraft:leather":2,"mmorpg:jewelry/ring/iron":1,"minecraft:gunpowder":3,"minecraft:wither_skeleton_skull":2,"minecraft:string":13,"minecraft:raw_copper":37,"minecraft:bone":39,"minecraft:acacia_planks":2,"mmorpg:map":1,"minecraft:netherite_sword":1,"minecraft:player_head":2,"minecraft:oak_planks":1,"minecraft:phantom_membrane":1,"minecraft:iron_boots":2,"minecraft:stick":1,"minecraft:stone_brick_slab":1,"minecraft:birch_stairs":4,"epicfight:skillbook":3,"minecraft:porkchop":11,"pointblank:gunmetal_nugget":78,"minecraft:amethyst_shard":4,"mmorpg:jewelry/necklace/iron":1,"minecraft:barrel":2,"minecraft:spider_eye":5,"minecraft:dark_prismarine":4,"minecraft:dark_oak_planks":7,"minecraft:arrow":12,"minecraft:rotten_flesh":1,"minecraft:slime_ball":29,"mmorpg:currency/affix_common_reroll":1,"minecraft:blackstone_wall":1,"minecraft:birch_sign":1,"mmorpg:runes/ita":1,"minecraft:coal":14,"minecraft:cobblestone":2,"minecraft:ender_pearl":1}},"DataVersion":3465}