{"stats":{"minecraft:dropped":{"minecraft:enchanted_book":1,"minecraft:iron_ingot":2,"celestial_core:treasure_fragment":1,"pointblank:ammo556":272,"minecraft:dark_oak_stairs":1,"minecraft:cobblestone":102,"minecraft:saddle":1,"minecraft:grass_block":1,"minecraft:cobweb":5,"minecraft:dirt":8,"minecraft:diorite":19,"minecraft:blackstone_wall":1,"minecraft:dead_bush":3,"minecraft:paper":3,"minecraft:string":3,"minecraft:dark_oak_planks":7,"minecraft:birch_stairs":4,"minecraft:chiseled_sandstone":1,"minecraft:stone_brick_slab":1,"minecraft:bone":1,"minecraft:player_head":2,"minecraft:cobbled_deepslate":79,"minecraft:raw_copper":7,"minecraft:black_carpet":1,"minecraft:raw_iron":4,"irons_spellbooks:uncommon_ink":1,"minecraft:rotten_flesh":17,"minecraft:flint_and_steel":1,"minecraft:gunpowder":2,"minecraft:leather_boots":1,"mmorpg:gems/garnet/0":1,"pointblank:m134minigun":1,"minecraft:spider_eye":1,"minecraft:birch_sign":1,"minecraft:spruce_slab":4,"minecraft:blue_orchid":13,"mmorpg:jewelry/ring/iron":1},"minecraft:killed":{"minecraft:spider":9,"minecraft:slime":32,"minecraft:phantom":28,"minecraft:skeleton":153,"minecraft:piglin":1,"irons_spellbooks:necromancer":1,"minecraft:hoglin":3,"minecraft:creeper":7,"minecraft:pillager":60,"minecraft:zombie":6,"minecraft:wither_skeleton":32,"minecraft:enderman":2,"mowziesmobs:naga":6},"minecraft:picked_up":{"irons_spellbooks:scroll":1,"minecraft:iron_chestplate":2,"minecraft:crafting_table":1,"mmorpg:currency/orb_of_quality":1,"minecraft:black_carpet":1,"minecraft:clay_ball":20,"mmorpg:jewelry/ring/iron":1,"minecraft:string":13,"minecraft:soul_soil":19,"minecraft:raw_copper":172,"minecraft:shroomlight":1,"mmorpg:jewel/dex":1,"irons_spellbooks:arcane_essence":1,"minecraft:gold_nugget":20,"mmorpg:map":4,"minecraft:cobbled_deepslate":30,"minecraft:netherite_sword":1,"minecraft:spruce_planks":2,"minecraft:player_head":2,"mmorpg:currency/chaos_orb":1,"mmorpg:stone/0":2,"mmorpg:runes/mos":1,"minecraft:spruce_slab":8,"mmorpg:gems/emerald/1":1,"mmorpg:gems/amethyst/0":1,"minecraft:phantom_membrane":1,"minecraft:iron_boots":3,"mmorpg:runes/dos":1,"minecraft:stick":1,"minecraft:raw_iron":4,"minecraft:torch":9,"minecraft:note_block":16,"epicfight:skillbook":15,"minecraft:porkchop":11,"pointblank:gunmetal_nugget":527,"mmorpg:currency/affix_tier_up_down":1,"mmorpg:jewelry/necklace/iron":1,"minecraft:diorite":19,"mmorpg:skill_gems/support/int":1,"minecraft:dark_oak_planks":7,"minecraft:brown_carpet":1,"minecraft:weeping_vines":4,"minecraft:arrow":177,"minecraft:rotten_flesh":9,"minecraft:diamond_chestplate":1,"minecraft:nether_bricks":7,"mmorpg:currency/affix_common_reroll":2,"minecraft:blackstone_wall":1,"mmorpg:currency/level_up_orb":1,"mmorpg:runes/ita":1,"minecraft:cobblestone":52,"minecraft:crimson_stem":6,"minecraft:leather":2,"minecraft:crimson_fungus":1,"minecraft:nether_wart_block":34,"mmorpg:currency/map_rarity_upgrade":2,"minecraft:gunpowder":6,"minecraft:wither_skeleton_skull":2,"minecraft:dirt":8,"minecraft:leather_boots":1,"minecraft:red_carpet":1,"minecraft:bone":219,"minecraft:acacia_planks":3,"minecraft:bow":2,"minecraft:soul_sand":10,"minecraft:glowstone_dust":48,"minecraft:cyan_concrete":7,"minecraft:iron_sword":1,"minecraft:oak_planks":2,"minecraft:dark_oak_stairs":1,"mmorpg:skill_gems/support/str":1,"minecraft:stone_brick_slab":1,"minecraft:quartz":37,"minecraft:stripped_acacia_wood":3,"minecraft:birch_stairs":5,"minecraft:amethyst_shard":4,"mmorpg:weapon/staff/wood":1,"minecraft:grass_block":2,"minecraft:chiseled_sandstone":1,"minecraft:spider_eye":5,"minecraft:barrel":2,"minecraft:dark_prismarine":4,"mmorpg:rare_mats/mining/greater":1,"minecraft:slime_ball":29,"minecraft:crossbow":2,"minecraft:birch_sign":1,"minecraft:netherrack":186,"mmorpg:skill_gems/aura/int":1,"minecraft:coal":68,"minecraft:ender_pearl":2},"minecraft:custom":{"lootr:looted_stat":185,"minecraft:interact_with_anvil":1,"minecraft:mob_kills":394,"minecraft:dexterity":29,"minecraft:interact_with_crafting_table":58,"minecraft:open_barrel":3,"goblintraders:trade_with_goblin":1,"minecraft:leave_game":5,"minecraft:time_since_death":48923,"minecraft:climb_one_cm":4225,"minecraft:mana":773,"minecraft:magic_shield":10,"minecraft:sprint_one_cm":1037996,"minecraft:walk_one_cm":2178666,"minecraft:drop":45,"minecraft:health":565,"minecraft:play_noteblock":23,"minecraft:damage_dealt_absorbed":20861,"minecraft:talked_to_villager":8,"minecraft:play_time":401027,"minecraft:sneak_time":11008,"minecraft:deaths":45,"minecraft:walk_under_water_one_cm":677,"minecraft:interact_with_lectern":1,"minecraft:jump":2385,"minecraft:energy":510,"minecraft:interact_with_blast_furnace":3,"minecraft:walk_on_water_one_cm":77442,"minecraft:total_world_time":401027,"minecraft:interact_with_furnace":17,"minecraft:intelligence":50,"minecraft:move_speed":0,"minecraft:traded_with_villager":36,"minecraft:sleep_in_bed":3,"minecraft:levels_gained":18,"minecraft:time_since_rest":44865,"minecraft:damage_taken":23172,"minecraft:damage_dealt":35287,"minecraft:swim_one_cm":263,"minecraft:fly_one_cm":768548,"minecraft:player_kills":2,"minecraft:open_chest":379,"minecraft:crouch_one_cm":55813,"minecraft:strength":53,"minecraft:interact_with_smithing_table":1,"minecraft:interact_with_smoker":2,"minecraft:fall_one_cm":94740,"minecraft:blood":0},"minecraft:killed_by":{"mowziesmobs:naga":4,"minecraft:husk":1,"minecraft:wither_skeleton":2,"minecraft:pillager":2,"minecraft:skeleton":34,"minecraft:phantom":1},"minecraft:broken":{"minecraft:diamond_chestplate":1,"minecraft:diamond_helmet":1,"minecraft:iron_boots":4,"minecraft:iron_chestplate":1,"minecraft:iron_leggings":4,"minecraft:diamond_leggings":1,"mmorpg:jewelry/ring/gold":1,"minecraft:iron_helmet":4,"minecraft:netherite_boots":1},"minecraft:mined":{"minecraft:dark_prismarine":3,"minecraft:spruce_planks":1,"minecraft:nether_bricks":7,"minecraft:soul_soil":19,"minecraft:crimson_fungus":1,"minecraft:crimson_stem":6,"minecraft:spawner":72,"minecraft:glowstone":13,"minecraft:chiseled_sandstone":1,"minecraft:iron_ore":1,"minecraft:barrel":2,"minecraft:acacia_wood":1,"minecraft:andesite":2,"minecraft:dark_oak_stairs":1,"minecraft:shroomlight":2,"minecraft:stone":61,"minecraft:acacia_leaves":6,"minecraft:soul_sand":10,"minecraft:crimson_nylium":2,"minecraft:amethyst_cluster":1,"minecraft:stone_brick_slab":1,"minecraft:clay":5,"minecraft:crafting_table":1,"minecraft:note_block":16,"minecraft:nether_quartz_ore":30,"minecraft:copper_ore":5,"minecraft:oak_planks":2,"minecraft:diorite":19,"minecraft:wall_torch":4,"minecraft:birch_planks":1,"minecraft:nether_wart_block":36,"minecraft:sand":1,"minecraft:dirt":8,"minecraft:acacia_planks":4,"minecraft:netherrack":194,"minecraft:deepslate":15,"minecraft:nether_gold_ore":4},"minecraft:used":{"minecraft:flint_and_steel":1,"minecraft:iron_sword":154,"lootr:trophy":1,"minecraft:torch":85,"minecraft:soul_sand":1,"minecraft:anvil":1,"minecraft:nether_bricks":6,"minecraft:obsidian":10,"minecraft:iron_axe":60,"wom:tormented_mind":562,"minecraft:barrel":2,"minecraft:soul_soil":5,"minecraft:acacia_planks":3,"epicfight:skillbook":6,"minecraft:oak_planks":2,"minecraft:ender_pearl":1,"minecraft:crafting_table":1,"minecraft:dark_prismarine":4,"minecraft:diamond_pickaxe":480,"minecraft:bread":27,"mmorpg:weapon/staff/wood":1,"epicfight:uchigatana":21},"minecraft:crafted":{"minecraft:oak_planks":16,"pointblank:guninternals":24,"sophisticatedbackpacks:stack_upgrade_tier_3":1,"sophisticatedbackpacks:advanced_magnet_upgrade":1,"sophisticatedbackpacks:magnet_upgrade":1,"scannable:scanner":2,"pointblank:motor":1,"minecraft:piston":1,"sophisticatedbackpacks:crafting_upgrade":1,"scannable:rare_ores_module":1,"minecraft:diamond_block":9,"minecraft:iron_bars":16,"minecraft:green_dye":0,"pointblank:tti_viper":6,"scannable:blank_module":4,"minecraft:chest":2,"sophisticatedbackpacks:stack_upgrade_tier_2":1,"pointblank:glock18":5,"minecraft:emerald":1,"minecraft:crafting_table":1,"scannable:common_ores_module":1,"pointblank:gunmetal_ingot":64,"minecraft:copper_ingot":64,"minecraft:sticky_piston":1,"minecraft:gold_block":118,"sophisticatedbackpacks:upgrade_base":3,"minecraft:air":0,"wom:demon_seal":1,"sophisticatedbackpacks:refill_upgrade":1,"sophisticatedbackpacks:pickup_upgrade":1,"minecraft:stick":36,"minecraft:iron_ingot":462,"minecraft:iron_block":177,"minecraft:gold_ingot":186,"minecraft:anvil":1,"minecraft:torch":128,"minecraft:lapis_block":42}},"DataVersion":3465}