{"stats":{"minecraft:mined":{"minecraft:spruce_planks":1,"storagenetwork:exchange":1,"minecraft:granite":191,"minecraft:acacia_log":7,"minecraft:grass_block":4,"sophisticatedbackpacks:iron_backpack":1,"minecraft:cracked_polished_blackstone_bricks":5,"minecraft:soul_soil":19,"minecraft:coal_block":13,"minecraft:crimson_fungus":1,"minecraft:spawner":76,"minecraft:gilded_blackstone":4,"minecraft:sandstone_stairs":6,"minecraft:smooth_stone":2,"minecraft:polished_blackstone_bricks":21,"minecraft:magma_block":5,"minecraft:glowstone":23,"minecraft:dark_oak_trapdoor":2,"minecraft:iron_ore":9,"minecraft:fire":2,"minecraft:barrel":2,"ironchest:gold_chest":1,"minecraft:dark_oak_stairs":2,"minecraft:jungle_trapdoor":6,"minecraft:cut_sandstone":69,"minecraft:blackstone":134,"minecraft:crimson_nylium":2,"minecraft:amethyst_cluster":1,"minecraft:clay":44,"minecraft:torch":2,"minecraft:note_block":17,"storagenetwork:filter_kabel":1,"minecraft:nether_quartz_ore":159,"minecraft:cobblestone":7,"minecraft:grindstone":1,"minecraft:oak_planks":2,"minecraft:smooth_sandstone_slab":8,"minecraft:wall_torch":21,"minecraft:light_blue_terracotta":1,"storagenetwork:import_kabel":15,"lootr:trophy":1,"minecraft:nether_wart_block":36,"sophisticatedbackpacks:diamond_backpack":2,"minecraft:birch_log":550,"minecraft:stone_brick_stairs":2,"minecraft:smooth_stone_slab":3,"minecraft:grass":9,"minecraft:oak_log":270,"minecraft:beetroots":1,"minecraft:sand":1210,"minecraft:dirt":122,"minecraft:sandstone_wall":10,"minecraft:ancient_debris":506,"minecraft:netherrack":4346,"minecraft:deepslate":108,"minecraft:oak_leaves":9,"minecraft:nether_gold_ore":45,"minecraft:dark_prismarine":3,"minecraft:diamond_ore":52,"minecraft:crying_obsidian":3,"minecraft:mossy_cobblestone":1,"minecraft:nether_bricks":20,"minecraft:sandstone":43,"minecraft:crimson_stem":6,"minecraft:hay_block":33,"minecraft:oak_trapdoor":1,"minecraft:chiseled_sandstone":10,"minecraft:acacia_wood":1,"minecraft:andesite":103,"minecraft:gold_block":22,"minecraft:bookshelf":1,"minecraft:vine":3,"minecraft:shroomlight":2,"minecraft:stone":1022,"minecraft:birch_stairs":2,"minecraft:acacia_leaves":6,"minecraft:glass_pane":30,"minecraft:soul_sand":10,"minecraft:stripped_dark_oak_log":2,"minecraft:basalt":48,"minecraft:stone_brick_slab":1,"minecraft:smooth_sandstone":16,"minecraft:crafting_table":1,"minecraft:emerald_ore":3,"storagenetwork:storage_kabel":27,"minecraft:lectern":8,"minecraft:copper_ore":14,"minecraft:lapis_ore":2,"minecraft:diorite":77,"minecraft:birch_planks":1,"minecraft:coarse_dirt":1,"minecraft:coal_ore":8,"minecraft:gravel":76,"enchantinginfuser:advanced_enchanting_infuser":1,"minecraft:acacia_planks":4,"minecraft:gold_ore":6,"storagenetwork:kabel":4},"minecraft:custom":{"minecraft:blood":0,"lootr:looted_stat":251,"minecraft:dexterity":29,"minecraft:interact_with_crafting_table":91,"minecraft:open_barrel":20,"goblintraders:trade_with_goblin":140,"minecraft:bell_ring":1,"minecraft:leave_game":14,"minecraft:time_since_death":277831,"minecraft:sprint_one_cm":2361789,"minecraft:drop":156,"minecraft:health":626,"minecraft:play_noteblock":26,"minecraft:talked_to_villager":46,"minecraft:play_time":1263522,"minecraft:deaths":64,"minecraft:jump":6522,"minecraft:energy":540,"minecraft:walk_on_water_one_cm":137724,"minecraft:enchant_item":12,"minecraft:interact_with_furnace":32,"minecraft:intelligence":68,"minecraft:traded_with_villager":77,"minecraft:sleep_in_bed":6,"minecraft:levels_gained":21,"minecraft:damage_dealt":89420,"minecraft:player_kills":3,"minecraft:crouch_one_cm":93444,"minecraft:interact_with_smoker":2,"minecraft:interact_with_smithing_table":3,"minecraft:interact_with_anvil":2,"minecraft:mob_kills":799,"minecraft:inspect_hopper":2,"minecraft:damage_dealt_resisted":206,"minecraft:climb_one_cm":91659,"minecraft:mana":1007,"minecraft:magic_shield":25,"minecraft:walk_one_cm":5598765,"minecraft:damage_dealt_absorbed":62386,"minecraft:sneak_time":21559,"minecraft:walk_under_water_one_cm":156990,"minecraft:interact_with_lectern":2,"minecraft:interact_with_blast_furnace":6,"minecraft:total_world_time":1263522,"minecraft:move_speed":0,"minecraft:tune_noteblock":48485,"minecraft:interact_with_grindstone":2,"minecraft:time_since_rest":24411,"minecraft:damage_taken":46575,"minecraft:swim_one_cm":142021,"minecraft:fly_one_cm":2010012,"minecraft:open_chest":635,"minecraft:strength":58,"minecraft:fall_one_cm":253368,"minecraft:fish_caught":420},"minecraft:killed_by":{"minecraft:wither_skeleton":4,"minecraft:zombified_piglin":1,"minecraft:piglin_brute":3,"minecraft:pillager":2,"minecraft:blaze":2,"minecraft:zombie":1,"minecraft:husk":6,"minecraft:skeleton":34,"minecraft:phantom":1,"mowziesmobs:naga":6},"minecraft:used":{"wom:satsujin":438,"storagenetwork:filter_kabel":1,"minecraft:ladder":38,"minecraft:iron_sword":154,"lootr:trophy":2,"minecraft:soul_sand":1,"minecraft:nether_bricks":18,"minecraft:obsidian":10,"enchantinginfuser:advanced_enchanting_infuser":2,"sophisticatedbackpacks:diamond_backpack":2,"storagenetwork:collector":1,"wom:tormented_mind":1351,"minecraft:magma_block":1,"ironchest:obsidian_chest":2,"storagenetwork:storage_kabel":97,"epicfight:skillbook":8,"minecraft:diorite":1,"minecraft:oak_planks":5,"minecraft:ender_pearl":2,"minecraft:sandstone":30,"minecraft:diamond_axe":661,"minecraft:sand":23,"minecraft:mushroom_stew":1,"minecraft:note_block":2,"minecraft:chiseled_sandstone":4,"minecraft:heavy_weighted_pressure_plate":1,"minecraft:bread":76,"minecraft:lectern":8,"storagenetwork:import_kabel":19,"minecraft:grindstone":1,"minecraft:oak_boat":6,"minecraft:oak_trapdoor":2,"minecraft:oak_fence":1,"sophisticatedbackpacks:iron_backpack":1,"minecraft:flint_and_steel":1,"storagenetwork:request":1,"storagenetwork:kabel":4,"minecraft:sandstone_wall":2,"minecraft:netherrack":15,"minecraft:torch":193,"ironchest:diamond_chest":5,"minecraft:anvil":1,"minecraft:hopper":1,"storagenetwork:exchange":1,"minecraft:granite":28,"minecraft:bookshelf":21,"minecraft:iron_axe":368,"minecraft:smooth_sandstone":109,"storagenetwork:master":1,"minecraft:barrel":2,"minecraft:basalt":1,"minecraft:soul_soil":9,"minecraft:iron_trapdoor":1,"ironchest:gold_chest":2,"minecraft:acacia_planks":3,"minecraft:water_bucket":3,"storagenetwork:inventory":2,"minecraft:sandstone_stairs":9,"minecraft:smooth_sandstone_slab":162,"minecraft:cut_sandstone":5,"storagenetwork:crafting_remote":1,"minecraft:crafting_table":1,"minecraft:dark_prismarine":4,"minecraft:diamond_pickaxe":7327,"minecraft:diamond_shovel":1432,"mmorpg:teleporter":1,"mmorpg:weapon/staff/wood":3,"minecraft:fishing_rod":591,"minecraft:cobblestone":91,"minecraft:bucket":3,"minecraft:glass_pane":54,"minecraft:birch_stairs":1,"epicfight:uchigatana":21},"minecraft:killed":{"minecraft:zombified_piglin":26,"minecraft:witch":3,"minecraft:spider":24,"minecraft:cod":4,"minecraft:skeleton":187,"minecraft:guardian":9,"irons_spellbooks:archevoker":1,"minecraft:piglin_brute":11,"minecraft:magma_cube":35,"minecraft:piglin":15,"minecraft:pig":1,"irons_spellbooks:necromancer":2,"minecraft:creeper":16,"ore_creeper:iron_creeper":1,"minecraft:sheep":4,"minecraft:pillager":79,"minecraft:zombie":46,"minecraft:stray":5,"minecraft:cow":5,"minecraft:blaze":10,"mowziesmobs:naga":19,"minecraft:vindicator":10,"minecraft:slime":32,"minecraft:phantom":34,"minecraft:drowned":11,"minecraft:husk":62,"minecraft:frog":1,"minecraft:hoglin":3,"minecraft:wither_skeleton":58,"minecraft:enderman":5},"minecraft:picked_up":{"irons_spellbooks:scroll":1,"minecraft:iron_chestplate":2,"mmorpg:currency/orb_of_quality":1,"minecraft:black_carpet":1,"minecraft:redstone_block":15,"minecraft:golden_sword":3,"enchantinginfuser:advanced_enchanting_infuser":1,"storagenetwork:exchange":1,"minecraft:raw_copper":193,"minecraft:string":13,"minecraft:soul_soil":19,"minecraft:shroomlight":1,"mmorpg:jewel/dex":1,"minecraft:smooth_stone":2,"irons_spellbooks:arcane_essence":1,"minecraft:diamond_leggings":1,"minecraft:gold_nugget":110,"mmorpg:map":4,"minecraft:cobbled_deepslate":30,"minecraft:spruce_planks":2,"mmorpg:currency/chaos_orb":1,"mmorpg:material/fishing/0":21,"mmorpg:runes/mos":1,"mmorpg:gems/emerald/1":1,"mmorpg:gems/amethyst/0":1,"minecraft:iron_boots":3,"mmorpg:runes/dos":1,"minecraft:stick":1,"mmorpg:rare_mats/fishing/greater":42,"minecraft:torch":20,"minecraft:porkchop":12,"epicfight:skillbook":17,"mmorpg:jewelry/necklace/iron":1,"minecraft:diorite":28,"minecraft:brown_carpet":1,"minecraft:stone_sword":5,"minecraft:rotten_flesh":35,"minecraft:blackstone_wall":1,"mmorpg:runes/ita":1,"minecraft:blaze_rod":5,"minecraft:cod":1,"minecraft:cobblestone":435,"mmorpg:rare_mats/fishing/medium":53,"minecraft:magma_cream":1,"minecraft:andesite":11,"mmorpg:chest/common_gear":7,"minecraft:flint":4,"minecraft:wither_skeleton_skull":4,"minecraft:dirt":9,"mmorpg:gems/garnet/1":1,"minecraft:leather_boots":1,"minecraft:bone":269,"minecraft:acacia_planks":3,"minecraft:bow":2,"minecraft:glowstone_dust":48,"minecraft:cyan_concrete":7,"minecraft:oak_planks":66,"mmorpg:skill_gems/support/str":1,"mmorpg:material/fishing/1":166,"minecraft:cooked_porkchop":3,"minecraft:stripped_acacia_wood":3,"minecraft:sand":114,"sophisticatedbackpacks:iron_backpack":1,"minecraft:grass_block":2,"minecraft:chiseled_sandstone":6,"minecraft:barrel":2,"minecraft:dark_prismarine":4,"celestial_core:fire_essence":1,"mmorpg:rare_mats/mining/greater":1,"mmorpg:rare_mats/fishing/lesser":42,"mmorpg:gems/ruby/0":1,"minecraft:cracked_polished_blackstone_bricks":1,"minecraft:crossbow":2,"minecraft:granite":29,"storagenetwork:crafting_remote":2,"mmorpg:chest/uncommon_gear":5,"minecraft:netherrack":211,"mmorpg:skill_gems/aura/int":1,"minecraft:crafting_table":1,"minecraft:clay_ball":176,"mmorpg:jewelry/ring/iron":1,"minecraft:gold_block":2,"minecraft:oak_trapdoor":1,"minecraft:blackstone":4,"minecraft:netherite_sword":1,"minecraft:beef":2,"minecraft:player_head":2,"mmorpg:stone/0":3,"minecraft:spruce_slab":8,"minecraft:lectern":7,"minecraft:chest":3,"minecraft:phantom_membrane":10,"minecraft:raw_iron":10,"minecraft:sandstone":42,"minecraft:note_block":16,"minecraft:polished_blackstone_bricks":5,"pointblank:gunmetal_nugget":610,"mmorpg:currency/affix_tier_up_down":1,"mmorpg:skill_gems/support/int":1,"minecraft:redstone":2,"minecraft:dark_oak_planks":7,"minecraft:smooth_sandstone_slab":16,"minecraft:arrow":191,"minecraft:weeping_vines":4,"minecraft:diamond_chestplate":1,"minecraft:beetroot_seeds":8,"minecraft:nether_bricks":19,"mmorpg:currency/affix_common_reroll":2,"minecraft:sandstone_stairs":6,"mmorpg:currency/level_up_orb":1,"minecraft:gold_ingot":1,"minecraft:mutton":6,"minecraft:white_wool":4,"minecraft:air":0,"minecraft:crimson_stem":6,"minecraft:cut_sandstone":12,"minecraft:leather":2,"minecraft:crimson_fungus":1,"minecraft:gunpowder":13,"minecraft:nether_wart_block":34,"mmorpg:currency/map_rarity_upgrade":2,"storagenetwork:import_kabel":15,"mmorpg:chest/rare_gear":3,"minecraft:smooth_sandstone":7,"minecraft:red_carpet":1,"minecraft:kelp":94,"storagenetwork:filter_kabel":1,"minecraft:iron_ingot":10,"minecraft:iron_sword":1,"minecraft:soul_sand":10,"minecraft:dark_oak_stairs":1,"sophisticatedbackpacks:diamond_backpack":2,"minecraft:book":3,"minecraft:stone_brick_slab":1,"minecraft:quartz":93,"minecraft:gravel":30,"minecraft:birch_stairs":6,"minecraft:amethyst_shard":4,"mmorpg:weapon/staff/wood":1,"minecraft:spider_eye":9,"mowziesmobs:naga_fang":2,"minecraft:slime_ball":29,"minecraft:birch_sign":1,"storagenetwork:kabel":8,"minecraft:coal":90,"mmorpg:offhand/dodge/iron":1,"storagenetwork:storage_kabel":28,"minecraft:ender_pearl":3},"minecraft:dropped":{"minecraft:iron_sword":3,"pointblank:ammo556":272,"minecraft:dark_oak_stairs":1,"irons_spellbooks:rare_ink":1,"mmorpg:skill_gems/support/str":1,"minecraft:weeping_vines":4,"minecraft:saddle":2,"minecraft:cracked_polished_blackstone_bricks":1,"minecraft:dirt":8,"minecraft:mutton":6,"minecraft:cut_sandstone":51,"irons_spellbooks:arcane_essence":34,"minecraft:sand":2,"minecraft:polished_blackstone_bricks":5,"minecraft:glistering_melon_slice":12,"minecraft:dark_oak_planks":7,"minecraft:white_wool":4,"minecraft:birch_stairs":4,"minecraft:bone":18,"minecraft:blackstone":14,"minecraft:iron_nugget":18,"minecraft:cobbled_deepslate":79,"minecraft:black_carpet":1,"minecraft:wheat":43,"minecraft:rotten_flesh":87,"minecraft:oak_planks":64,"minecraft:jungle_trapdoor":6,"minecraft:gunpowder":2,"minecraft:beetroot_seeds":8,"mmorpg:gems/garnet/0":1,"minecraft:leather_boots":1,"minecraft:spruce_slab":4,"minecraft:netherrack":9,"minecraft:enchanted_book":1,"minecraft:iron_ingot":2,"mmorpg:invisible_item":1264,"celestial_core:treasure_fragment":1,"minecraft:wheat_seeds":4,"storagenetwork:crafting_remote":3,"mmorpg:offhand/dodge/iron":1,"mmorpg:skill_gems/support/dex":1,"minecraft:diamond_leggings":1,"minecraft:iron_helmet":2,"minecraft:cobblestone":102,"mmorpg:skill_gems/support/int":3,"minecraft:grass_block":1,"mmorpg:weapon/staff/wood":10,"minecraft:cobweb":5,"minecraft:diorite":21,"minecraft:blackstone_wall":1,"minecraft:iron_leggings":9,"minecraft:dead_bush":3,"irons_spellbooks:blood_vial":2,"irons_spellbooks:common_ink":1,"minecraft:paper":3,"minecraft:string":3,"minecraft:smooth_sandstone":9,"minecraft:stone_brick_slab":1,"minecraft:chiseled_sandstone":2,"minecraft:player_head":2,"minecraft:stone_sword":4,"minecraft:raw_copper":35,"minecraft:smooth_stone_slab":3,"minecraft:experience_bottle":5,"minecraft:raw_iron":4,"irons_spellbooks:uncommon_ink":1,"mmorpg:gems/topaz/1":1,"mmorpg:jewelry/necklace/iron":1,"minecraft:flint_and_steel":1,"minecraft:shield":1,"mmorpg:gems/ruby/0":1,"minecraft:iron_chestplate":1,"mmorpg:offhand/tome/iron":1,"pointblank:m134minigun":1,"minecraft:golden_sword":5,"minecraft:spider_eye":6,"minecraft:birch_sign":1,"minecraft:blue_orchid":13,"minecraft:bow":1,"mmorpg:jewelry/ring/iron":1,"epicfight:skillbook":2},"minecraft:broken":{"minecraft:diamond_helmet":1,"minecraft:iron_boots":7,"minecraft:iron_chestplate":1,"minecraft:iron_leggings":4,"minecraft:diamond_chestplate":1,"minecraft:diamond_leggings":1,"mmorpg:jewelry/ring/gold":1,"minecraft:iron_axe":2,"minecraft:iron_helmet":6,"minecraft:netherite_boots":1},"minecraft:crafted":{"minecraft:ender_chest":1,"minecraft:oak_planks":208,"sophisticatedbackpacks:magnet_upgrade":1,"pointblank:motor":1,"minecraft:stone":4,"sophisticatedbackpacks:crafting_upgrade":1,"minecraft:bookshelf":38,"minecraft:heavy_weighted_pressure_plate":1,"minecraft:iron_bars":16,"minecraft:green_dye":0,"minecraft:glass":44,"minecraft:hopper":11,"scannable:blank_module":4,"minecraft:chest":37,"mmorpg:tp_back":1,"minecraft:ender_eye":1,"mmorpg:keys/0":7,"minecraft:oak_fence":3,"minecraft:dropper":9,"storagenetwork:kabel":192,"minecraft:emerald":96,"enchantinginfuser:enchanting_infuser":1,"minecraft:crafting_table":5,"mmorpg:keys/1":1,"minecraft:copper_ingot":64,"minecraft:sticky_piston":1,"minecraft:gold_block":176,"storagenetwork:master":2,"minecraft:birch_planks":4,"sophisticatedbackpacks:upgrade_base":3,"ironchest:diamond_chest":8,"sophisticatedbackpacks:refill_upgrade":1,"enchantinginfuser:advanced_enchanting_infuser":1,"minecraft:stick":44,"minecraft:stone_slab":18,"minecraft:iron_ingot":462,"minecraft:iron_block":177,"minecraft:gold_ingot":800,"minecraft:sandstone":1,"minecraft:netherite_ingot":78,"minecraft:sandstone_stairs":32,"pointblank:guninternals":24,"minecraft:redstone":574,"sophisticatedbackpacks:stack_upgrade_tier_3":1,"sophisticatedbackpacks:advanced_magnet_upgrade":1,"scannable:scanner":2,"mmorpg:teleporter":1,"minecraft:piston":1,"storagenetwork:collector":1,"scannable:rare_ores_module":1,"minecraft:glass_pane":96,"minecraft:diamond_block":9,"pointblank:tti_viper":6,"minecraft:iron_axe":1,"minecraft:ladder":18,"sophisticatedbackpacks:stack_upgrade_tier_2":1,"minecraft:netherite_scrap":390,"minecraft:observer":10,"minecraft:wheat":945,"pointblank:glock18":5,"ironchest:gold_chest":15,"minecraft:iron_trapdoor":1,"scannable:common_ores_module":1,"storagenetwork:speed_upgrade":4,"pointblank:gunmetal_ingot":67,"minecraft:enchanting_table":1,"minecraft:smooth_sandstone":122,"storagenetwork:exchange":1,"minecraft:enchanted_book":7,"minecraft:air":0,"wom:satsujin":1,"wom:demon_seal":1,"sophisticatedbackpacks:pickup_upgrade":1,"ironchest:obsidian_chest":2,"storagenetwork:inventory":5,"storagenetwork:request":1,"minecraft:anvil":1,"storagenetwork:storage_kabel":40,"minecraft:torch":128,"storagenetwork:crafting_remote":1,"minecraft:lapis_block":42,"ironchest:iron_chest":15}},"DataVersion":3465}