{"stats":{"minecraft:mined":{"minecraft:spruce_planks":1,"minecraft:acacia_log":7,"minecraft:grass_block":4,"minecraft:cracked_polished_blackstone_bricks":1,"minecraft:soul_soil":19,"minecraft:crimson_fungus":1,"minecraft:gilded_blackstone":2,"minecraft:spawner":75,"minecraft:polished_blackstone_bricks":5,"minecraft:magma_block":1,"minecraft:glowstone":13,"minecraft:dark_oak_trapdoor":2,"minecraft:iron_ore":1,"minecraft:fire":2,"minecraft:barrel":2,"minecraft:dark_oak_stairs":2,"minecraft:jungle_trapdoor":6,"minecraft:cut_sandstone":27,"minecraft:blackstone":16,"minecraft:crimson_nylium":2,"minecraft:amethyst_cluster":1,"minecraft:clay":5,"minecraft:note_block":16,"minecraft:nether_quartz_ore":30,"minecraft:oak_planks":2,"minecraft:wall_torch":4,"minecraft:light_blue_terracotta":1,"minecraft:nether_wart_block":36,"minecraft:birch_log":550,"minecraft:stone_brick_stairs":2,"minecraft:grass":9,"minecraft:oak_log":270,"minecraft:sand":36,"minecraft:dirt":10,"minecraft:sandstone_wall":10,"minecraft:netherrack":473,"minecraft:ancient_debris":8,"minecraft:oak_leaves":9,"minecraft:deepslate":15,"minecraft:nether_gold_ore":4,"minecraft:dark_prismarine":3,"minecraft:crying_obsidian":3,"minecraft:mossy_cobblestone":1,"minecraft:nether_bricks":20,"minecraft:crimson_stem":6,"minecraft:hay_block":13,"minecraft:chiseled_sandstone":1,"minecraft:acacia_wood":1,"minecraft:andesite":3,"minecraft:gold_block":3,"minecraft:shroomlight":2,"minecraft:stone":73,"minecraft:acacia_leaves":6,"minecraft:glass_pane":26,"minecraft:soul_sand":10,"minecraft:stripped_dark_oak_log":2,"minecraft:stone_brick_slab":1,"minecraft:smooth_sandstone":8,"minecraft:crafting_table":1,"minecraft:copper_ore":6,"minecraft:diorite":19,"minecraft:birch_planks":1,"minecraft:coarse_dirt":1,"minecraft:acacia_planks":4},"minecraft:custom":{"minecraft:blood":0,"lootr:looted_stat":224,"minecraft:dexterity":29,"minecraft:interact_with_crafting_table":72,"minecraft:open_barrel":5,"goblintraders:trade_with_goblin":3,"minecraft:leave_game":8,"minecraft:time_since_death":47873,"minecraft:sprint_one_cm":1611029,"minecraft:drop":65,"minecraft:health":517,"minecraft:play_noteblock":23,"minecraft:talked_to_villager":9,"minecraft:play_time":562323,"minecraft:deaths":61,"minecraft:jump":4515,"minecraft:energy":520,"minecraft:walk_on_water_one_cm":100066,"minecraft:interact_with_furnace":17,"minecraft:intelligence":50,"minecraft:traded_with_villager":36,"minecraft:sleep_in_bed":4,"minecraft:levels_gained":19,"minecraft:damage_dealt":62802,"minecraft:player_kills":2,"minecraft:crouch_one_cm":60711,"minecraft:interact_with_smoker":2,"minecraft:interact_with_smithing_table":3,"minecraft:mob_kills":586,"minecraft:interact_with_anvil":1,"minecraft:damage_dealt_resisted":206,"minecraft:climb_one_cm":12042,"minecraft:mana":752,"minecraft:magic_shield":21,"minecraft:walk_one_cm":3228524,"minecraft:damage_dealt_absorbed":40868,"minecraft:sneak_time":12525,"minecraft:walk_under_water_one_cm":81491,"minecraft:interact_with_lectern":2,"minecraft:interact_with_blast_furnace":5,"minecraft:total_world_time":562323,"minecraft:move_speed":0,"minecraft:time_since_rest":47904,"minecraft:damage_taken":37931,"minecraft:swim_one_cm":120412,"minecraft:fly_one_cm":1511322,"minecraft:open_chest":443,"minecraft:strength":44,"minecraft:fall_one_cm":175424},"minecraft:killed_by":{"mowziesmobs:naga":6,"minecraft:zombified_piglin":1,"minecraft:wither_skeleton":4,"minecraft:piglin_brute":3,"minecraft:pillager":2,"minecraft:blaze":2,"minecraft:husk":6,"minecraft:skeleton":34,"minecraft:phantom":1},"minecraft:used":{"wom:satsujin":193,"minecraft:iron_sword":154,"lootr:trophy":1,"minecraft:soul_sand":1,"minecraft:nether_bricks":18,"minecraft:obsidian":10,"wom:tormented_mind":1022,"minecraft:magma_block":1,"epicfight:skillbook":6,"minecraft:oak_planks":5,"minecraft:ender_pearl":1,"minecraft:diamond_axe":649,"minecraft:bread":51,"minecraft:oak_boat":6,"minecraft:flint_and_steel":1,"minecraft:sandstone_wall":2,"minecraft:netherrack":1,"minecraft:torch":90,"minecraft:anvil":1,"minecraft:iron_axe":368,"minecraft:barrel":2,"minecraft:soul_soil":9,"minecraft:acacia_planks":3,"minecraft:cut_sandstone":2,"minecraft:crafting_table":1,"minecraft:dark_prismarine":4,"minecraft:diamond_pickaxe":914,"minecraft:diamond_shovel":35,"mmorpg:weapon/staff/wood":2,"epicfight:uchigatana":21},"minecraft:killed":{"minecraft:zombified_piglin":21,"minecraft:spider":9,"minecraft:cod":4,"minecraft:skeleton":157,"irons_spellbooks:archevoker":1,"minecraft:piglin_brute":1,"minecraft:magma_cube":24,"minecraft:piglin":5,"minecraft:pig":1,"irons_spellbooks:necromancer":2,"minecraft:creeper":8,"minecraft:sheep":4,"minecraft:pillager":63,"minecraft:zombie":11,"minecraft:cow":5,"minecraft:blaze":10,"mowziesmobs:naga":16,"minecraft:vindicator":1,"minecraft:slime":32,"minecraft:phantom":28,"minecraft:drowned":5,"minecraft:husk":45,"minecraft:frog":1,"minecraft:hoglin":3,"minecraft:wither_skeleton":57,"minecraft:enderman":4},"minecraft:picked_up":{"irons_spellbooks:scroll":1,"minecraft:iron_chestplate":2,"mmorpg:currency/orb_of_quality":1,"minecraft:black_carpet":1,"minecraft:golden_sword":3,"minecraft:soul_soil":19,"minecraft:string":13,"minecraft:raw_copper":172,"minecraft:shroomlight":1,"mmorpg:jewel/dex":1,"irons_spellbooks:arcane_essence":1,"minecraft:diamond_leggings":1,"minecraft:gold_nugget":33,"mmorpg:map":4,"minecraft:cobbled_deepslate":30,"minecraft:spruce_planks":2,"mmorpg:currency/chaos_orb":1,"mmorpg:runes/mos":1,"mmorpg:gems/emerald/1":1,"mmorpg:runes/dos":1,"minecraft:iron_boots":3,"mmorpg:gems/amethyst/0":1,"minecraft:stick":1,"minecraft:torch":9,"minecraft:porkchop":12,"epicfight:skillbook":16,"mmorpg:jewelry/necklace/iron":1,"minecraft:diorite":19,"minecraft:brown_carpet":1,"minecraft:stone_sword":5,"minecraft:rotten_flesh":23,"minecraft:blackstone_wall":1,"mmorpg:runes/ita":1,"minecraft:blaze_rod":5,"minecraft:cobblestone":52,"minecraft:magma_cream":1,"minecraft:wither_skeleton_skull":4,"minecraft:dirt":8,"minecraft:leather_boots":1,"minecraft:bone":247,"minecraft:acacia_planks":3,"minecraft:bow":2,"minecraft:glowstone_dust":48,"minecraft:cyan_concrete":7,"minecraft:oak_planks":2,"mmorpg:skill_gems/support/str":1,"minecraft:cooked_porkchop":3,"minecraft:stripped_acacia_wood":3,"minecraft:grass_block":2,"minecraft:chiseled_sandstone":1,"minecraft:barrel":2,"minecraft:dark_prismarine":4,"celestial_core:fire_essence":1,"mmorpg:rare_mats/mining/greater":1,"minecraft:cracked_polished_blackstone_bricks":1,"minecraft:crossbow":2,"minecraft:netherrack":195,"mmorpg:skill_gems/aura/int":1,"minecraft:crafting_table":1,"minecraft:clay_ball":20,"mmorpg:jewelry/ring/iron":1,"minecraft:gold_block":2,"minecraft:blackstone":4,"minecraft:netherite_sword":1,"minecraft:beef":2,"minecraft:player_head":2,"mmorpg:stone/0":2,"minecraft:spruce_slab":8,"minecraft:phantom_membrane":1,"minecraft:raw_iron":4,"minecraft:note_block":16,"minecraft:polished_blackstone_bricks":5,"pointblank:gunmetal_nugget":586,"mmorpg:currency/affix_tier_up_down":1,"mmorpg:skill_gems/support/int":1,"minecraft:dark_oak_planks":7,"minecraft:arrow":177,"minecraft:weeping_vines":4,"minecraft:diamond_chestplate":1,"mmorpg:currency/affix_common_reroll":2,"minecraft:nether_bricks":19,"mmorpg:currency/level_up_orb":1,"minecraft:gold_ingot":1,"minecraft:mutton":6,"minecraft:white_wool":4,"minecraft:air":0,"minecraft:crimson_stem":6,"minecraft:cut_sandstone":12,"minecraft:leather":2,"minecraft:crimson_fungus":1,"mmorpg:currency/map_rarity_upgrade":2,"minecraft:nether_wart_block":34,"minecraft:gunpowder":6,"minecraft:red_carpet":1,"minecraft:kelp":94,"minecraft:soul_sand":10,"minecraft:iron_sword":1,"minecraft:dark_oak_stairs":1,"minecraft:stone_brick_slab":1,"minecraft:quartz":37,"minecraft:birch_stairs":5,"minecraft:amethyst_shard":4,"mmorpg:weapon/staff/wood":1,"minecraft:spider_eye":5,"mowziesmobs:naga_fang":2,"minecraft:slime_ball":29,"minecraft:birch_sign":1,"mmorpg:offhand/dodge/iron":1,"minecraft:coal":78,"minecraft:ender_pearl":3},"minecraft:dropped":{"minecraft:dark_oak_stairs":1,"pointblank:ammo556":272,"minecraft:weeping_vines":4,"minecraft:saddle":1,"minecraft:cracked_polished_blackstone_bricks":1,"minecraft:dirt":8,"minecraft:sand":1,"minecraft:polished_blackstone_bricks":5,"minecraft:dark_oak_planks":7,"minecraft:birch_stairs":4,"minecraft:bone":18,"minecraft:blackstone":4,"minecraft:cobbled_deepslate":79,"minecraft:black_carpet":1,"minecraft:rotten_flesh":17,"minecraft:jungle_trapdoor":6,"minecraft:gunpowder":2,"mmorpg:gems/garnet/0":1,"minecraft:leather_boots":1,"minecraft:spruce_slab":4,"minecraft:netherrack":8,"minecraft:enchanted_book":1,"minecraft:iron_ingot":2,"celestial_core:treasure_fragment":1,"minecraft:cobblestone":102,"minecraft:grass_block":1,"mmorpg:weapon/staff/wood":1,"minecraft:cobweb":5,"minecraft:diorite":19,"minecraft:blackstone_wall":1,"minecraft:dead_bush":3,"minecraft:paper":3,"minecraft:string":3,"minecraft:chiseled_sandstone":2,"minecraft:stone_brick_slab":1,"minecraft:player_head":2,"minecraft:stone_sword":4,"minecraft:raw_copper":7,"minecraft:raw_iron":4,"irons_spellbooks:uncommon_ink":1,"minecraft:flint_and_steel":1,"pointblank:m134minigun":1,"minecraft:golden_sword":5,"minecraft:birch_sign":1,"minecraft:spider_eye":1,"minecraft:bow":1,"minecraft:blue_orchid":13,"mmorpg:jewelry/ring/iron":1},"minecraft:broken":{"minecraft:diamond_helmet":1,"minecraft:iron_boots":6,"minecraft:iron_chestplate":1,"minecraft:iron_leggings":4,"minecraft:diamond_chestplate":1,"minecraft:diamond_leggings":1,"mmorpg:jewelry/ring/gold":1,"minecraft:iron_axe":2,"minecraft:iron_helmet":6,"minecraft:netherite_boots":1},"minecraft:crafted":{"minecraft:oak_planks":24,"sophisticatedbackpacks:magnet_upgrade":1,"pointblank:motor":1,"sophisticatedbackpacks:crafting_upgrade":1,"minecraft:iron_bars":16,"minecraft:green_dye":0,"scannable:blank_module":4,"minecraft:chest":2,"minecraft:emerald":1,"minecraft:crafting_table":1,"enchantinginfuser:enchanting_infuser":1,"minecraft:copper_ingot":64,"minecraft:sticky_piston":1,"minecraft:gold_block":118,"minecraft:birch_planks":4,"sophisticatedbackpacks:upgrade_base":3,"sophisticatedbackpacks:refill_upgrade":1,"enchantinginfuser:advanced_enchanting_infuser":1,"minecraft:stick":44,"minecraft:iron_ingot":462,"minecraft:iron_block":177,"minecraft:gold_ingot":186,"minecraft:netherite_ingot":3,"pointblank:guninternals":24,"sophisticatedbackpacks:stack_upgrade_tier_3":1,"sophisticatedbackpacks:advanced_magnet_upgrade":1,"scannable:scanner":2,"minecraft:piston":1,"scannable:rare_ores_module":1,"minecraft:diamond_block":9,"pointblank:tti_viper":6,"minecraft:iron_axe":1,"sophisticatedbackpacks:stack_upgrade_tier_2":1,"minecraft:netherite_scrap":10,"pointblank:glock18":5,"scannable:common_ores_module":1,"pointblank:gunmetal_ingot":67,"minecraft:enchanting_table":1,"minecraft:air":0,"wom:satsujin":1,"wom:demon_seal":1,"sophisticatedbackpacks:pickup_upgrade":1,"minecraft:anvil":1,"minecraft:torch":128,"minecraft:lapis_block":42}},"DataVersion":3465}