{"stats":{"minecraft:dropped":{"minecraft:enchanted_book":1,"minecraft:iron_ingot":2,"celestial_core:treasure_fragment":1,"pointblank:ammo556":272,"minecraft:player_head":2,"minecraft:cobbled_deepslate":64,"minecraft:black_carpet":1,"irons_spellbooks:uncommon_ink":1,"minecraft:cobblestone":52,"minecraft:rotten_flesh":5,"minecraft:saddle":1,"minecraft:gunpowder":2,"minecraft:blackstone_wall":1,"mmorpg:gems/garnet/0":1,"pointblank:m134minigun":1,"minecraft:birch_sign":1,"minecraft:spider_eye":1,"minecraft:spruce_slab":4,"minecraft:dark_oak_planks":7,"minecraft:paper":3,"minecraft:string":3,"minecraft:birch_stairs":4,"minecraft:stone_brick_slab":1},"minecraft:killed":{"minecraft:spider":9,"minecraft:slime":32,"minecraft:hoglin":3,"minecraft:creeper":5,"minecraft:phantom":28,"minecraft:skeleton":26,"minecraft:pillager":10,"minecraft:zombie":2,"minecraft:wither_skeleton":32,"minecraft:enderman":1,"mowziesmobs:naga":6},"minecraft:picked_up":{"minecraft:iron_chestplate":2,"minecraft:black_carpet":1,"minecraft:clay_ball":20,"minecraft:leather":2,"mmorpg:jewelry/ring/iron":1,"mmorpg:currency/map_rarity_upgrade":1,"minecraft:gunpowder":3,"minecraft:wither_skeleton_skull":2,"minecraft:dirt":8,"minecraft:string":13,"minecraft:raw_copper":172,"minecraft:bone":76,"minecraft:acacia_planks":3,"mmorpg:map":3,"minecraft:cobbled_deepslate":15,"minecraft:netherite_sword":1,"minecraft:dark_oak_stairs":1,"minecraft:player_head":2,"mmorpg:stone/0":2,"minecraft:spruce_slab":8,"minecraft:oak_planks":2,"minecraft:phantom_membrane":1,"minecraft:iron_boots":2,"mmorpg:skill_gems/support/str":1,"minecraft:raw_iron":4,"minecraft:stick":1,"mmorpg:currency/affix_tier_up_down":1,"minecraft:torch":7,"minecraft:quartz":5,"minecraft:stone_brick_slab":1,"minecraft:stripped_acacia_wood":3,"pointblank:gunmetal_nugget":262,"epicfight:skillbook":4,"minecraft:porkchop":11,"minecraft:birch_stairs":4,"minecraft:amethyst_shard":4,"mmorpg:jewelry/necklace/iron":1,"minecraft:diorite":19,"mmorpg:weapon/staff/wood":1,"minecraft:barrel":2,"minecraft:spider_eye":5,"minecraft:dark_prismarine":4,"minecraft:dark_oak_planks":7,"mmorpg:rare_mats/mining/greater":1,"minecraft:arrow":36,"minecraft:rotten_flesh":1,"minecraft:slime_ball":29,"mmorpg:currency/affix_common_reroll":1,"minecraft:blackstone_wall":1,"minecraft:crossbow":1,"minecraft:birch_sign":1,"mmorpg:currency/level_up_orb":1,"mmorpg:runes/ita":1,"mmorpg:skill_gems/aura/int":1,"minecraft:netherrack":39,"minecraft:coal":68,"minecraft:cobblestone":52,"minecraft:ender_pearl":1},"minecraft:custom":{"minecraft:blood":0,"minecraft:interact_with_furnace":14,"lootr:looted_stat":47,"minecraft:mob_kills":193,"minecraft:dexterity":25,"minecraft:intelligence":37,"minecraft:move_speed":0,"minecraft:traded_with_villager":36,"minecraft:interact_with_crafting_table":24,"minecraft:open_barrel":2,"minecraft:leave_game":3,"minecraft:time_since_death":83,"minecraft:sleep_in_bed":2,"minecraft:climb_one_cm":836,"minecraft:mana":589,"minecraft:levels_gained":14,"minecraft:time_since_rest":146,"minecraft:magic_shield":0,"minecraft:sprint_one_cm":456248,"minecraft:damage_taken":11103,"minecraft:walk_one_cm":922833,"minecraft:drop":28,"minecraft:damage_dealt":4844,"minecraft:health":429,"minecraft:damage_dealt_absorbed":365,"minecraft:talked_to_villager":7,"minecraft:fly_one_cm":313158,"minecraft:player_kills":2,"minecraft:open_chest":194,"minecraft:crouch_one_cm":50452,"minecraft:play_time":174479,"minecraft:sneak_time":9681,"minecraft:deaths":18,"minecraft:walk_under_water_one_cm":491,"minecraft:interact_with_lectern":1,"minecraft:jump":1248,"minecraft:energy":430,"minecraft:interact_with_blast_furnace":1,"minecraft:walk_on_water_one_cm":53242,"minecraft:strength":41,"minecraft:interact_with_smoker":2,"minecraft:total_world_time":174479,"minecraft:fall_one_cm":50632},"minecraft:killed_by":{"mowziesmobs:naga":4,"minecraft:husk":1,"minecraft:wither_skeleton":2,"minecraft:skeleton":9,"minecraft:phantom":1},"minecraft:broken":{"minecraft:iron_boots":1,"minecraft:iron_helmet":1,"minecraft:iron_chestplate":1,"minecraft:iron_leggings":1},"minecraft:mined":{"minecraft:dark_prismarine":3,"minecraft:spruce_planks":1,"minecraft:amethyst_cluster":1,"minecraft:stone_brick_slab":1,"minecraft:clay":5,"minecraft:nether_quartz_ore":5,"minecraft:copper_ore":5,"minecraft:diorite":19,"minecraft:oak_planks":2,"minecraft:wall_torch":4,"minecraft:spawner":22,"minecraft:iron_ore":1,"minecraft:barrel":2,"minecraft:acacia_wood":1,"minecraft:dark_oak_stairs":1,"minecraft:shroomlight":1,"minecraft:dirt":8,"minecraft:acacia_planks":4,"minecraft:stone":52,"minecraft:netherrack":41,"minecraft:deepslate":15},"minecraft:used":{"epicfight:skillbook":2,"minecraft:flint_and_steel":1,"minecraft:oak_planks":2,"minecraft:iron_sword":142,"minecraft:torch":47,"minecraft:obsidian":10,"minecraft:dark_prismarine":4,"minecraft:diamond_pickaxe":188,"minecraft:iron_axe":18,"minecraft:bread":14,"mmorpg:weapon/staff/wood":1,"minecraft:acacia_planks":3},"minecraft:crafted":{"pointblank:glock18":5,"pointblank:guninternals":24,"scannable:common_ores_module":1,"pointblank:gunmetal_ingot":30,"scannable:scanner":2,"pointblank:motor":1,"minecraft:copper_ingot":0,"scannable:rare_ores_module":1,"minecraft:iron_bars":16,"minecraft:air":0,"minecraft:green_dye":0,"pointblank:tti_viper":6,"scannable:blank_module":4}},"DataVersion":3465}