{"stats":{"minecraft:crafted":{"pointblank:glock18":5,"pointblank:guninternals":12,"pointblank:gunmetal_ingot":16,"minecraft:copper_ingot":0,"minecraft:air":0,"pointblank:tti_viper":6},"minecraft:used":{"minecraft:iron_sword":74,"minecraft:torch":15,"minecraft:dark_prismarine":4,"minecraft:diamond_pickaxe":26,"minecraft:iron_axe":16,"minecraft:bread":9,"mmorpg:weapon/staff/wood":1,"minecraft:acacia_planks":3},"minecraft:custom":{"minecraft:blood":0,"lootr:looted_stat":40,"minecraft:interact_with_furnace":3,"minecraft:mob_kills":151,"minecraft:dexterity":25,"minecraft:intelligence":37,"minecraft:move_speed":0,"minecraft:traded_with_villager":23,"minecraft:interact_with_crafting_table":7,"minecraft:open_barrel":2,"minecraft:leave_game":2,"minecraft:time_since_death":5439,"minecraft:climb_one_cm":596,"minecraft:mana":579,"minecraft:levels_gained":13,"minecraft:time_since_rest":5470,"minecraft:magic_shield":14,"minecraft:sprint_one_cm":318674,"minecraft:damage_taken":7639,"minecraft:walk_one_cm":609768,"minecraft:drop":7,"minecraft:damage_dealt":2431,"minecraft:health":419,"minecraft:damage_dealt_absorbed":271,"minecraft:talked_to_villager":5,"minecraft:fly_one_cm":203330,"minecraft:player_kills":2,"minecraft:open_chest":39,"minecraft:crouch_one_cm":45737,"minecraft:play_time":103893,"minecraft:deaths":8,"minecraft:sneak_time":8731,"minecraft:interact_with_lectern":1,"minecraft:jump":837,"minecraft:energy":420,"minecraft:strength":41,"minecraft:walk_on_water_one_cm":280,"minecraft:interact_with_smoker":2,"minecraft:total_world_time":103893,"minecraft:fall_one_cm":38774},"minecraft:killed_by":{"mowziesmobs:naga":3,"minecraft:husk":1,"minecraft:wither_skeleton":2,"minecraft:phantom":1},"minecraft:mined":{"minecraft:dark_prismarine":3,"minecraft:spruce_planks":1,"minecraft:amethyst_cluster":1,"minecraft:stone_brick_slab":1,"minecraft:oak_planks":1,"minecraft:spawner":13,"minecraft:barrel":2,"minecraft:acacia_wood":1,"minecraft:shroomlight":1,"minecraft:acacia_planks":4,"minecraft:stone":2},"minecraft:broken":{"minecraft:iron_boots":1,"minecraft:iron_helmet":1,"minecraft:iron_chestplate":1,"minecraft:iron_leggings":1},"minecraft:killed":{"minecraft:spider":9,"minecraft:slime":32,"minecraft:hoglin":3,"minecraft:creeper":5,"minecraft:phantom":28,"minecraft:skeleton":7,"minecraft:zombie":1,"minecraft:wither_skeleton":32,"minecraft:enderman":1,"mowziesmobs:naga":3},"minecraft:dropped":{"minecraft:iron_ingot":2,"minecraft:cobbled_deepslate":64,"minecraft:cobblestone":52,"minecraft:saddle":1,"minecraft:spruce_slab":4,"minecraft:birch_stairs":4},"minecraft:picked_up":{"minecraft:black_carpet":1,"minecraft:leather":2,"mmorpg:jewelry/ring/iron":1,"mmorpg:currency/map_rarity_upgrade":1,"minecraft:gunpowder":3,"minecraft:wither_skeleton_skull":2,"minecraft:string":13,"minecraft:raw_copper":37,"minecraft:bone":51,"minecraft:acacia_planks":3,"mmorpg:map":1,"minecraft:netherite_sword":1,"minecraft:player_head":2,"mmorpg:stone/0":2,"minecraft:spruce_slab":8,"minecraft:oak_planks":1,"minecraft:phantom_membrane":1,"minecraft:iron_boots":2,"minecraft:stick":1,"minecraft:stone_brick_slab":1,"minecraft:stripped_acacia_wood":3,"minecraft:birch_stairs":4,"epicfight:skillbook":3,"minecraft:porkchop":11,"pointblank:gunmetal_nugget":82,"minecraft:amethyst_shard":4,"mmorpg:jewelry/necklace/iron":1,"minecraft:barrel":2,"minecraft:spider_eye":5,"minecraft:dark_prismarine":4,"minecraft:dark_oak_planks":7,"minecraft:arrow":15,"minecraft:rotten_flesh":1,"minecraft:slime_ball":29,"mmorpg:currency/affix_common_reroll":1,"minecraft:blackstone_wall":1,"minecraft:birch_sign":1,"mmorpg:runes/ita":1,"minecraft:coal":16,"minecraft:cobblestone":2,"minecraft:ender_pearl":1}},"DataVersion":3465}