{"stats":{"minecraft:dropped":{"minecraft:enchanted_book":1,"minecraft:iron_ingot":2,"celestial_core:treasure_fragment":1,"pointblank:ammo556":272,"minecraft:cobblestone":52,"minecraft:saddle":1,"minecraft:blackstone_wall":1,"minecraft:string":3,"minecraft:paper":3,"minecraft:dark_oak_planks":7,"minecraft:birch_stairs":4,"minecraft:stone_brick_slab":1,"minecraft:player_head":2,"minecraft:cobbled_deepslate":64,"minecraft:black_carpet":1,"irons_spellbooks:uncommon_ink":1,"minecraft:rotten_flesh":5,"minecraft:gunpowder":2,"mmorpg:gems/garnet/0":1,"pointblank:m134minigun":1,"minecraft:spider_eye":1,"minecraft:birch_sign":1,"minecraft:spruce_slab":4},"minecraft:killed":{"minecraft:spider":9,"minecraft:slime":32,"minecraft:phantom":28,"minecraft:skeleton":73,"minecraft:hoglin":3,"minecraft:creeper":5,"minecraft:pillager":22,"minecraft:zombie":2,"minecraft:wither_skeleton":32,"minecraft:enderman":1,"mowziesmobs:naga":6},"minecraft:picked_up":{"minecraft:iron_chestplate":2,"minecraft:black_carpet":1,"minecraft:clay_ball":20,"mmorpg:jewelry/ring/iron":1,"minecraft:string":13,"minecraft:raw_copper":172,"mmorpg:jewel/dex":1,"mmorpg:map":3,"minecraft:cobbled_deepslate":15,"minecraft:netherite_sword":1,"minecraft:player_head":2,"mmorpg:stone/0":2,"minecraft:spruce_slab":8,"mmorpg:gems/amethyst/0":1,"minecraft:iron_boots":2,"minecraft:phantom_membrane":1,"minecraft:stick":1,"minecraft:raw_iron":4,"minecraft:torch":7,"mmorpg:jewelry/necklace/iron":1,"epicfight:skillbook":7,"minecraft:porkchop":11,"pointblank:gunmetal_nugget":343,"mmorpg:currency/affix_tier_up_down":1,"minecraft:diorite":19,"mmorpg:skill_gems/support/int":1,"minecraft:dark_oak_planks":7,"minecraft:diamond_chestplate":1,"minecraft:arrow":89,"minecraft:rotten_flesh":1,"mmorpg:currency/affix_common_reroll":2,"minecraft:blackstone_wall":1,"mmorpg:currency/level_up_orb":1,"mmorpg:runes/ita":1,"minecraft:cobblestone":52,"minecraft:leather":2,"minecraft:gunpowder":3,"mmorpg:currency/map_rarity_upgrade":1,"minecraft:wither_skeleton_skull":2,"minecraft:dirt":8,"minecraft:bone":119,"minecraft:acacia_planks":3,"minecraft:bow":1,"minecraft:iron_sword":1,"minecraft:oak_planks":2,"minecraft:dark_oak_stairs":1,"mmorpg:skill_gems/support/str":1,"minecraft:stone_brick_slab":1,"minecraft:quartz":5,"minecraft:stripped_acacia_wood":3,"minecraft:birch_stairs":4,"minecraft:amethyst_shard":4,"mmorpg:weapon/staff/wood":1,"minecraft:spider_eye":5,"minecraft:barrel":2,"minecraft:dark_prismarine":4,"mmorpg:rare_mats/mining/greater":1,"minecraft:slime_ball":29,"minecraft:crossbow":1,"minecraft:birch_sign":1,"minecraft:netherrack":39,"minecraft:coal":68,"mmorpg:skill_gems/aura/int":1,"minecraft:ender_pearl":1},"minecraft:custom":{"minecraft:blood":0,"lootr:looted_stat":66,"minecraft:mob_kills":254,"minecraft:dexterity":25,"minecraft:interact_with_crafting_table":24,"minecraft:open_barrel":2,"minecraft:leave_game":3,"minecraft:time_since_death":17106,"minecraft:climb_one_cm":836,"minecraft:mana":590,"minecraft:magic_shield":10,"minecraft:sprint_one_cm":597356,"minecraft:walk_one_cm":1193002,"minecraft:drop":28,"minecraft:health":465,"minecraft:damage_dealt_absorbed":3051,"minecraft:talked_to_villager":7,"minecraft:play_time":198479,"minecraft:deaths":23,"minecraft:sneak_time":9752,"minecraft:walk_under_water_one_cm":677,"minecraft:interact_with_lectern":1,"minecraft:jump":1358,"minecraft:energy":450,"minecraft:interact_with_blast_furnace":1,"minecraft:walk_on_water_one_cm":77442,"minecraft:total_world_time":198479,"minecraft:interact_with_furnace":14,"minecraft:intelligence":39,"minecraft:move_speed":0,"minecraft:traded_with_villager":36,"minecraft:sleep_in_bed":2,"minecraft:levels_gained":16,"minecraft:time_since_rest":17150,"minecraft:damage_taken":13738,"minecraft:damage_dealt":8937,"minecraft:fly_one_cm":349257,"minecraft:swim_one_cm":263,"minecraft:player_kills":2,"minecraft:open_chest":194,"minecraft:crouch_one_cm":51005,"minecraft:strength":43,"minecraft:interact_with_smoker":2,"minecraft:fall_one_cm":54943},"minecraft:killed_by":{"mowziesmobs:naga":4,"minecraft:husk":1,"minecraft:wither_skeleton":2,"minecraft:skeleton":14,"minecraft:phantom":1},"minecraft:broken":{"minecraft:diamond_chestplate":1,"minecraft:diamond_helmet":1,"minecraft:iron_boots":1,"minecraft:iron_chestplate":1,"minecraft:iron_leggings":1,"minecraft:diamond_leggings":1,"mmorpg:jewelry/ring/gold":1,"minecraft:iron_helmet":2,"minecraft:netherite_boots":1},"minecraft:mined":{"minecraft:dark_prismarine":3,"minecraft:spruce_planks":1,"minecraft:spawner":34,"minecraft:iron_ore":1,"minecraft:barrel":2,"minecraft:acacia_wood":1,"minecraft:dark_oak_stairs":1,"minecraft:shroomlight":1,"minecraft:stone":52,"minecraft:acacia_leaves":2,"minecraft:stone_brick_slab":1,"minecraft:amethyst_cluster":1,"minecraft:clay":5,"minecraft:nether_quartz_ore":5,"minecraft:copper_ore":5,"minecraft:oak_planks":2,"minecraft:diorite":19,"minecraft:wall_torch":4,"minecraft:dirt":8,"minecraft:acacia_planks":4,"minecraft:netherrack":41,"minecraft:deepslate":15},"minecraft:used":{"minecraft:flint_and_steel":1,"minecraft:iron_sword":154,"minecraft:torch":61,"minecraft:obsidian":10,"minecraft:iron_axe":18,"wom:tormented_mind":71,"minecraft:acacia_planks":3,"epicfight:skillbook":4,"minecraft:oak_planks":2,"minecraft:dark_prismarine":4,"minecraft:diamond_pickaxe":201,"minecraft:bread":17,"mmorpg:weapon/staff/wood":1},"minecraft:crafted":{"pointblank:guninternals":24,"scannable:scanner":2,"pointblank:motor":1,"scannable:rare_ores_module":1,"minecraft:iron_bars":16,"minecraft:green_dye":0,"pointblank:tti_viper":6,"scannable:blank_module":4,"pointblank:glock18":5,"scannable:common_ores_module":1,"pointblank:gunmetal_ingot":30,"minecraft:copper_ingot":0,"minecraft:air":0}},"DataVersion":3465}