{"stats":{"minecraft:killed":{"minecraft:zombified_piglin":21,"minecraft:spider":9,"minecraft:slime":32,"minecraft:phantom":28,"minecraft:skeleton":155,"minecraft:piglin_brute":1,"minecraft:magma_cube":24,"minecraft:piglin":5,"minecraft:husk":7,"minecraft:pig":1,"minecraft:frog":1,"irons_spellbooks:necromancer":1,"minecraft:hoglin":3,"minecraft:creeper":7,"minecraft:pillager":60,"minecraft:zombie":7,"minecraft:wither_skeleton":57,"minecraft:blaze":10,"minecraft:cow":1,"minecraft:enderman":2,"mowziesmobs:naga":13},"minecraft:dropped":{"minecraft:enchanted_book":1,"minecraft:iron_ingot":2,"celestial_core:treasure_fragment":1,"pointblank:ammo556":272,"minecraft:dark_oak_stairs":1,"minecraft:weeping_vines":4,"minecraft:cobblestone":102,"minecraft:saddle":1,"minecraft:grass_block":1,"mmorpg:weapon/staff/wood":1,"minecraft:cobweb":5,"minecraft:cracked_polished_blackstone_bricks":1,"minecraft:dirt":8,"minecraft:diorite":19,"minecraft:blackstone_wall":1,"minecraft:dead_bush":3,"minecraft:sand":1,"minecraft:polished_blackstone_bricks":5,"minecraft:paper":3,"minecraft:string":3,"minecraft:dark_oak_planks":7,"minecraft:birch_stairs":4,"minecraft:chiseled_sandstone":2,"minecraft:stone_brick_slab":1,"minecraft:bone":18,"minecraft:blackstone":4,"minecraft:player_head":2,"minecraft:stone_sword":4,"minecraft:cobbled_deepslate":79,"minecraft:raw_copper":7,"minecraft:black_carpet":1,"minecraft:raw_iron":4,"irons_spellbooks:uncommon_ink":1,"minecraft:rotten_flesh":17,"minecraft:flint_and_steel":1,"minecraft:gunpowder":2,"mmorpg:gems/garnet/0":1,"minecraft:leather_boots":1,"pointblank:m134minigun":1,"minecraft:golden_sword":5,"minecraft:spider_eye":1,"minecraft:birch_sign":1,"minecraft:spruce_slab":4,"mmorpg:jewelry/ring/iron":1,"minecraft:blue_orchid":13,"minecraft:bow":1,"minecraft:netherrack":8},"minecraft:mined":{"minecraft:nether_gold_ore":4,"minecraft:spruce_planks":1,"minecraft:nether_bricks":20,"minecraft:cracked_polished_blackstone_bricks":1,"minecraft:soul_soil":19,"minecraft:crimson_fungus":1,"minecraft:crimson_stem":6,"minecraft:spawner":73,"minecraft:gilded_blackstone":2,"minecraft:polished_blackstone_bricks":5,"minecraft:glowstone":13,"minecraft:dark_oak_trapdoor":2,"minecraft:iron_ore":1,"minecraft:barrel":2,"minecraft:acacia_wood":1,"minecraft:fire":2,"minecraft:chiseled_sandstone":1,"minecraft:andesite":2,"minecraft:gold_block":2,"minecraft:dark_oak_stairs":2,"minecraft:shroomlight":2,"minecraft:stone":61,"minecraft:acacia_leaves":6,"minecraft:soul_sand":10,"minecraft:blackstone":4,"minecraft:crimson_nylium":2,"minecraft:stone_brick_slab":1,"minecraft:amethyst_cluster":1,"minecraft:clay":5,"minecraft:crafting_table":1,"minecraft:note_block":16,"minecraft:nether_quartz_ore":30,"minecraft:copper_ore":5,"minecraft:oak_planks":2,"minecraft:wall_torch":4,"minecraft:diorite":19,"minecraft:birch_planks":1,"minecraft:nether_wart_block":36,"minecraft:sand":1,"minecraft:dirt":8,"minecraft:acacia_planks":4,"minecraft:netherrack":205,"minecraft:deepslate":15,"minecraft:dark_prismarine":3},"minecraft:crafted":{"minecraft:oak_planks":24,"pointblank:guninternals":24,"sophisticatedbackpacks:stack_upgrade_tier_3":1,"sophisticatedbackpacks:advanced_magnet_upgrade":1,"sophisticatedbackpacks:magnet_upgrade":1,"scannable:scanner":2,"pointblank:motor":1,"minecraft:piston":1,"sophisticatedbackpacks:crafting_upgrade":1,"scannable:rare_ores_module":1,"minecraft:iron_bars":16,"minecraft:diamond_block":9,"minecraft:green_dye":0,"pointblank:tti_viper":6,"scannable:blank_module":4,"minecraft:chest":2,"sophisticatedbackpacks:stack_upgrade_tier_2":1,"pointblank:glock18":5,"minecraft:emerald":1,"scannable:common_ores_module":1,"minecraft:crafting_table":1,"pointblank:gunmetal_ingot":67,"minecraft:copper_ingot":64,"minecraft:sticky_piston":1,"minecraft:gold_block":118,"sophisticatedbackpacks:upgrade_base":3,"minecraft:air":0,"wom:satsujin":1,"wom:demon_seal":1,"sophisticatedbackpacks:refill_upgrade":1,"sophisticatedbackpacks:pickup_upgrade":1,"minecraft:stick":36,"minecraft:iron_ingot":462,"minecraft:iron_block":177,"minecraft:gold_ingot":186,"minecraft:anvil":1,"minecraft:netherite_ingot":1,"minecraft:torch":128,"minecraft:lapis_block":42},"minecraft:killed_by":{"mowziesmobs:naga":6,"minecraft:husk":1,"minecraft:zombified_piglin":1,"minecraft:wither_skeleton":4,"minecraft:piglin_brute":3,"minecraft:pillager":2,"minecraft:skeleton":34,"minecraft:blaze":2,"minecraft:phantom":1},"minecraft:broken":{"minecraft:diamond_chestplate":1,"minecraft:diamond_helmet":1,"minecraft:iron_boots":5,"minecraft:iron_chestplate":1,"minecraft:iron_leggings":4,"minecraft:diamond_leggings":1,"mmorpg:jewelry/ring/gold":1,"minecraft:iron_helmet":5,"minecraft:netherite_boots":1},"minecraft:picked_up":{"irons_spellbooks:scroll":1,"minecraft:iron_chestplate":2,"minecraft:crafting_table":1,"mmorpg:currency/orb_of_quality":1,"minecraft:black_carpet":1,"minecraft:clay_ball":20,"mmorpg:jewelry/ring/iron":1,"minecraft:gold_block":2,"minecraft:golden_sword":3,"minecraft:string":13,"minecraft:soul_soil":19,"minecraft:raw_copper":172,"minecraft:blackstone":4,"minecraft:shroomlight":1,"mmorpg:jewel/dex":1,"irons_spellbooks:arcane_essence":1,"mmorpg:map":4,"minecraft:gold_nugget":33,"minecraft:cobbled_deepslate":30,"minecraft:netherite_sword":1,"minecraft:spruce_planks":2,"minecraft:beef":2,"minecraft:player_head":2,"mmorpg:currency/chaos_orb":1,"mmorpg:stone/0":2,"mmorpg:runes/mos":1,"minecraft:spruce_slab":8,"mmorpg:gems/emerald/1":1,"minecraft:phantom_membrane":1,"mmorpg:gems/amethyst/0":1,"minecraft:iron_boots":3,"mmorpg:runes/dos":1,"minecraft:raw_iron":4,"minecraft:stick":1,"minecraft:torch":9,"minecraft:note_block":16,"epicfight:skillbook":16,"minecraft:porkchop":12,"pointblank:gunmetal_nugget":586,"minecraft:polished_blackstone_bricks":5,"mmorpg:currency/affix_tier_up_down":1,"mmorpg:jewelry/necklace/iron":1,"minecraft:diorite":19,"mmorpg:skill_gems/support/int":1,"minecraft:dark_oak_planks":7,"minecraft:brown_carpet":1,"minecraft:stone_sword":5,"minecraft:arrow":177,"minecraft:weeping_vines":4,"minecraft:rotten_flesh":23,"minecraft:diamond_chestplate":1,"minecraft:nether_bricks":19,"mmorpg:currency/affix_common_reroll":2,"minecraft:blackstone_wall":1,"minecraft:gold_ingot":1,"mmorpg:currency/level_up_orb":1,"mmorpg:runes/ita":1,"minecraft:blaze_rod":5,"minecraft:cobblestone":52,"minecraft:magma_cream":1,"minecraft:crimson_stem":6,"minecraft:leather":2,"minecraft:crimson_fungus":1,"minecraft:gunpowder":6,"minecraft:nether_wart_block":34,"mmorpg:currency/map_rarity_upgrade":2,"minecraft:wither_skeleton_skull":4,"minecraft:dirt":8,"minecraft:leather_boots":1,"minecraft:red_carpet":1,"minecraft:bone":247,"minecraft:acacia_planks":3,"minecraft:kelp":94,"minecraft:bow":2,"minecraft:glowstone_dust":48,"minecraft:cyan_concrete":7,"minecraft:oak_planks":2,"minecraft:iron_sword":1,"minecraft:soul_sand":10,"minecraft:dark_oak_stairs":1,"mmorpg:skill_gems/support/str":1,"minecraft:cooked_porkchop":3,"minecraft:stone_brick_slab":1,"minecraft:quartz":37,"minecraft:stripped_acacia_wood":3,"minecraft:birch_stairs":5,"minecraft:amethyst_shard":4,"mmorpg:weapon/staff/wood":1,"minecraft:grass_block":2,"minecraft:spider_eye":5,"minecraft:chiseled_sandstone":1,"minecraft:barrel":2,"minecraft:dark_prismarine":4,"celestial_core:fire_essence":1,"mowziesmobs:naga_fang":2,"mmorpg:rare_mats/mining/greater":1,"minecraft:slime_ball":29,"minecraft:cracked_polished_blackstone_bricks":1,"minecraft:crossbow":2,"minecraft:birch_sign":1,"minecraft:netherrack":195,"mmorpg:skill_gems/aura/int":1,"minecraft:coal":78,"minecraft:ender_pearl":2},"minecraft:custom":{"lootr:looted_stat":194,"minecraft:interact_with_anvil":1,"minecraft:mob_kills":510,"minecraft:dexterity":29,"minecraft:interact_with_crafting_table":67,"minecraft:open_barrel":4,"goblintraders:trade_with_goblin":1,"minecraft:damage_dealt_resisted":206,"minecraft:mana":772,"minecraft:climb_one_cm":4225,"minecraft:leave_game":7,"minecraft:time_since_death":19978,"minecraft:magic_shield":0,"minecraft:sprint_one_cm":1315977,"minecraft:walk_one_cm":2711157,"minecraft:health":520,"minecraft:drop":64,"minecraft:play_noteblock":23,"minecraft:damage_dealt_absorbed":33184,"minecraft:talked_to_villager":8,"minecraft:play_time":467463,"minecraft:sneak_time":11409,"minecraft:deaths":55,"minecraft:walk_under_water_one_cm":7241,"minecraft:interact_with_lectern":1,"minecraft:jump":3178,"minecraft:energy":510,"minecraft:interact_with_blast_furnace":5,"minecraft:walk_on_water_one_cm":81159,"minecraft:total_world_time":467463,"minecraft:interact_with_furnace":17,"minecraft:move_speed":0,"minecraft:intelligence":50,"minecraft:traded_with_villager":36,"minecraft:levels_gained":18,"minecraft:sleep_in_bed":4,"minecraft:time_since_rest":12417,"minecraft:damage_taken":32283,"minecraft:damage_dealt":50521,"minecraft:swim_one_cm":21096,"minecraft:fly_one_cm":1035600,"minecraft:player_kills":2,"minecraft:open_chest":423,"minecraft:crouch_one_cm":58412,"minecraft:interact_with_smithing_table":3,"minecraft:strength":46,"minecraft:interact_with_smoker":2,"minecraft:fall_one_cm":122336,"minecraft:blood":0},"minecraft:used":{"minecraft:flint_and_steel":1,"minecraft:iron_sword":154,"lootr:trophy":1,"minecraft:netherrack":1,"minecraft:torch":85,"minecraft:soul_sand":1,"minecraft:anvil":1,"minecraft:nether_bricks":18,"minecraft:obsidian":10,"minecraft:iron_axe":63,"wom:tormented_mind":833,"minecraft:barrel":2,"minecraft:soul_soil":9,"minecraft:acacia_planks":3,"epicfight:skillbook":6,"minecraft:ender_pearl":1,"minecraft:oak_planks":2,"minecraft:crafting_table":1,"minecraft:dark_prismarine":4,"minecraft:diamond_pickaxe":519,"minecraft:bread":37,"mmorpg:weapon/staff/wood":2,"epicfight:uchigatana":21,"wom:satsujin":100,"minecraft:oak_boat":1}},"DataVersion":3465}