{"stats":{"minecraft:used":{"minecraft:diamond_pickaxe":1,"minecraft:iron_axe":1},"minecraft:killed_by":{"minecraft:husk":1},"minecraft:custom":{"minecraft:open_barrel":1,"minecraft:time_since_rest":31052,"minecraft:blood":0,"minecraft:magic_shield":41,"minecraft:damage_taken":236,"minecraft:crouch_one_cm":186,"minecraft:sprint_one_cm":21684,"lootr:looted_stat":4,"minecraft:play_time":31893,"minecraft:deaths":1,"minecraft:walk_one_cm":94659,"minecraft:sneak_time":58,"minecraft:interact_with_lectern":1,"minecraft:dexterity":24,"minecraft:jump":59,"minecraft:intelligence":34,"minecraft:energy":390,"minecraft:leave_game":2,"minecraft:health":405,"minecraft:move_speed":0,"minecraft:time_since_death":30972,"minecraft:strength":40,"minecraft:total_world_time":31893,"minecraft:fly_one_cm":25488,"minecraft:fall_one_cm":1374,"minecraft:mana":603},"minecraft:mined":{"minecraft:barrel":1,"minecraft:amethyst_cluster":1},"minecraft:picked_up":{"minecraft:amethyst_shard":4,"minecraft:barrel":1,"minecraft:string":1}},"DataVersion":3465}